-- MySQL dump 10.13  Distrib 5.5.45, for Win64 (x86)
--
-- Host: localhost    Database: advisily
-- ------------------------------------------------------
-- Server version	5.5.45

/*!40101 SET @OLD_CHARACTER_SET_CLIENT=@@CHARACTER_SET_CLIENT */;
/*!40101 SET @OLD_CHARACTER_SET_RESULTS=@@CHARACTER_SET_RESULTS */;
/*!40101 SET @OLD_COLLATION_CONNECTION=@@COLLATION_CONNECTION */;
/*!40101 SET NAMES utf8 */;
/*!40103 SET @OLD_TIME_ZONE=@@TIME_ZONE */;
/*!40103 SET TIME_ZONE='+00:00' */;
/*!40014 SET @OLD_UNIQUE_CHECKS=@@UNIQUE_CHECKS, UNIQUE_CHECKS=0 */;
/*!40014 SET @OLD_FOREIGN_KEY_CHECKS=@@FOREIGN_KEY_CHECKS, FOREIGN_KEY_CHECKS=0 */;
/*!40101 SET @OLD_SQL_MODE=@@SQL_MODE, SQL_MODE='NO_AUTO_VALUE_ON_ZERO' */;
/*!40111 SET @OLD_SQL_NOTES=@@SQL_NOTES, SQL_NOTES=0 */;

--
-- Table structure for table `advisingresultcourses`
--

DROP TABLE IF EXISTS `advisingresultcourses`;
/*!40101 SET @saved_cs_client     = @@character_set_client */;
/*!40101 SET character_set_client = utf8 */;
CREATE TABLE `advisingresultcourses` (
  `courseId` int(11) NOT NULL,
  `semesterNumber` int(11) NOT NULL,
  `advisingSessionId` int(11) NOT NULL,
  KEY `fk_advising_result_courses_2_idx` (`courseId`),
  KEY `fk_advisingResultCourses_advisingResultSemesters1_idx` (`advisingSessionId`),
  CONSTRAINT `fk_advising_result_courses_2` FOREIGN KEY (`courseId`) REFERENCES `courses` (`courseId`) ON DELETE CASCADE ON UPDATE CASCADE,
  CONSTRAINT `fk_advisingResultCourses_advisingResultSemesters1` FOREIGN KEY (`advisingSessionId`) REFERENCES `advisingresultsemesters` (`advisingSessionId`) ON DELETE CASCADE ON UPDATE CASCADE
) ENGINE=InnoDB DEFAULT CHARSET=utf8;
/*!40101 SET character_set_client = @saved_cs_client */;

--
-- Dumping data for table `advisingresultcourses`
--

LOCK TABLES `advisingresultcourses` WRITE;
/*!40000 ALTER TABLE `advisingresultcourses` DISABLE KEYS */;
INSERT INTO `advisingresultcourses` VALUES (1434,1,951),(360,1,951),(362,1,951),(464,1,951),(465,1,951),(2094,1,951),(1329,1,951),(1790,1,951),(1791,1,951),(1795,2,951),(1797,2,951),(466,2,951),(467,2,951),(1758,2,951),(1441,2,951),(10,2,951),(468,3,951),(469,3,951),(1438,3,951),(477,3,951),(9,3,951),(901,3,951),(475,4,951),(476,4,951),(482,4,951),(483,4,951),(478,4,951),(488,4,951),(1442,4,951),(495,5,951),(487,5,951),(8,5,951),(1451,5,951),(5,5,951),(902,5,951),(480,6,951),(481,6,951),(1369,6,951),(725,6,951),(2,6,951),(2,6,951),(4,6,951),(491,7,951),(492,7,951),(905,7,951),(726,7,951),(2,7,951),(2,7,951),(907,7,951),(727,8,951),(908,8,951),(2,8,951),(6,8,951),(1795,1,952),(1797,1,952),(466,1,952),(467,1,952),(464,1,952),(1440,1,952),(1434,1,952),(465,1,952),(468,2,952),(439,2,952),(1758,2,952),(1441,2,952),(10,2,952),(1438,2,952),(475,3,952),(476,3,952),(482,3,952),(483,3,952),(469,3,952),(477,3,952),(488,3,952),(495,4,952),(478,4,952),(9,4,952),(901,4,952),(1442,4,952),(8,4,952),(487,5,952),(1451,5,952),(2,5,952),(5,5,952),(902,5,952),(1369,5,952),(480,6,952),(481,6,952),(725,6,952),(2,6,952),(4,6,952),(905,6,952),(2,6,952),(491,7,952),(492,7,952),(726,7,952),(2,7,952),(907,7,952),(908,7,952),(2,7,952),(727,8,952),(6,8,952),(1795,1,953),(1797,1,953),(466,1,953),(467,1,953),(1758,1,953),(1441,1,953),(10,1,953),(468,2,953),(469,2,953),(477,2,953),(900,2,953),(9,2,953),(901,2,953),(475,3,953),(476,3,953),(482,3,953),(483,3,953),(478,3,953),(488,3,953),(1442,3,953),(495,4,953),(487,4,953),(8,4,953),(1451,4,953),(5,4,953),(902,4,953),(480,5,953),(481,5,953),(1369,5,953),(725,5,953),(2,5,953),(2,5,953),(4,5,953),(491,6,953),(492,6,953),(905,6,953),(726,6,953),(2,6,953),(2,6,953),(907,6,953),(727,7,953),(908,7,953),(2,7,953),(6,7,953),(468,1,954),(464,1,954),(465,1,954),(1441,1,954),(10,1,954),(1438,1,954),(475,2,954),(476,2,954),(482,2,954),(483,2,954),(469,2,954),(477,2,954),(488,2,954),(495,3,954),(478,3,954),(9,3,954),(901,3,954),(1442,3,954),(8,3,954),(487,4,954),(1451,4,954),(2,4,954),(5,4,954),(902,4,954),(1369,4,954),(480,5,954),(481,5,954),(725,5,954),(2,5,954),(4,5,954),(905,5,954),(2,5,954),(491,6,954),(492,6,954),(726,6,954),(2,6,954),(907,6,954),(908,6,954),(2,6,954),(727,7,954),(6,7,954),(466,1,955),(467,1,955),(10,1,955),(469,1,955),(1441,1,955),(477,1,955),(468,2,955),(9,2,955),(478,2,955),(488,2,955),(8,2,955),(1451,2,955),(475,3,955),(476,3,955),(482,3,955),(483,3,955),(487,3,955),(5,3,955),(902,3,955),(725,3,955),(495,4,955),(480,4,955),(481,4,955),(4,4,955),(1369,4,955),(2,4,955),(491,5,955),(492,5,955),(2,5,955),(905,5,955),(726,5,955),(2,5,955),(2,5,955),(907,6,955),(908,6,955),(6,6,955),(727,6,955),(2,6,955),(466,1,956),(1795,1,956),(1797,1,956),(467,1,956),(464,1,956),(1440,1,956),(465,1,956),(10,1,956),(468,2,956),(469,2,956),(477,2,956),(9,2,956),(1438,2,956),(487,2,956),(475,3,956),(476,3,956),(482,3,956),(483,3,956),(478,3,956),(488,3,956),(8,3,956),(725,3,956),(495,4,956),(902,4,956),(1441,4,956),(5,4,956),(1442,4,956),(1451,4,956),(480,5,956),(481,5,956),(2,5,956),(2,5,956),(4,5,956),(905,5,956),(491,6,956),(492,6,956),(726,6,956),(1369,6,956),(2,6,956),(2,6,956),(907,6,956),(727,7,956),(908,7,956),(2,7,956),(6,7,956),(475,1,957),(476,1,957),(482,1,957),(483,1,957),(1434,1,957),(360,1,957),(10,1,957),(495,2,957),(469,2,957),(488,2,957),(9,2,957),(1442,2,957),(8,2,957),(487,3,957),(480,3,957),(481,3,957),(5,3,957),(902,3,957),(1369,3,957),(725,3,957),(491,4,957),(492,4,957),(726,4,957),(2,4,957),(4,4,957),(905,4,957),(2,4,957),(2,5,957),(908,5,957),(6,5,957),(727,5,957),(2,5,957),(475,1,958),(476,1,958),(482,1,958),(483,1,958),(469,1,958),(1441,1,958),(10,1,958),(495,2,958),(491,2,958),(492,2,958),(477,2,958),(488,2,958),(9,2,958),(725,2,958),(478,3,958),(487,3,958),(8,3,958),(1369,3,958),(2,3,958),(5,3,958),(726,4,958),(2,4,958),(4,4,958),(905,4,958),(2,4,958),(2,4,958),(727,5,958),(908,5,958),(2,5,958),(6,5,958),(482,1,959),(483,1,959),(360,1,959),(362,1,959),(10,1,959),(469,1,959),(9,1,959),(725,1,959),(495,2,959),(478,2,959),(487,2,959),(8,2,959),(5,2,959),(1442,2,959),(480,3,959),(481,3,959),(1451,3,959),(2,3,959),(4,3,959),(905,3,959),(491,4,959),(492,4,959),(726,4,959),(1369,4,959),(2,4,959),(2,4,959),(908,4,959),(727,5,959),(2,5,959),(6,5,959),(491,1,960),(492,1,960),(900,1,960),(10,1,960),(9,1,960),(469,1,960),(8,1,960),(487,2,960),(902,2,960),(5,2,960),(4,2,960),(905,2,960),(2,2,960),(726,3,960),(2,3,960),(908,3,960),(1369,3,960),(2,3,960),(6,3,960),(727,4,960),(495,1,961),(491,1,961),(492,1,961),(1329,1,961),(10,1,961),(9,1,961),(8,1,961),(725,1,961),(726,1,961),(902,2,961),(1442,2,961),(5,2,961),(727,2,961),(2,2,961),(4,2,961),(905,3,961),(1441,3,961),(1369,3,961),(2,3,961),(2,3,961),(908,3,961),(2,4,961),(6,4,961),(495,1,962),(491,1,962),(492,1,962),(362,1,962),(1797,1,962),(10,1,962),(9,1,962),(8,1,962),(5,2,962),(905,2,962),(725,2,962),(726,2,962),(1369,2,962),(2,2,962),(2,2,962),(4,3,962),(727,3,962),(2,3,962),(2,3,962),(908,3,962),(2,3,962),(6,4,962),(491,1,963),(492,1,963),(10,1,963),(9,1,963),(8,1,963),(5,1,963),(727,1,963),(905,2,963),(1369,2,963),(2,2,963),(4,2,963),(2,2,963),(2,2,963),(908,3,963),(2,3,963),(6,3,963),(1434,1,964),(360,1,964),(10,1,964),(9,1,964),(8,1,964),(5,1,964),(1788,2,964),(4,2,964),(1369,2,964),(727,2,964),(2,2,964),(2,2,964),(1790,3,964),(908,3,964),(2,3,964),(6,3,964),(10,1,965),(9,1,965),(8,1,965),(5,1,965),(4,1,965),(725,1,965),(727,1,965),(1369,2,965),(2,2,965),(2,2,965),(6,2,965),(10,1,966),(9,1,966),(8,1,966),(5,1,966),(4,1,966),(6,1,966),(1369,2,966),(2,2,966),(1795,1,972),(1797,1,972),(466,1,972),(467,1,972),(899,1,972),(360,1,972),(362,1,972),(1758,1,972),(900,1,972),(468,2,972),(464,2,972),(1440,2,972),(465,2,972),(1441,2,972),(10,2,972),(475,3,972),(476,3,972),(482,3,972),(483,3,972),(469,3,972),(477,3,972),(488,3,972),(495,4,972),(478,4,972),(9,4,972),(901,4,972),(1442,4,972),(8,4,972),(487,5,972),(1451,5,972),(2,5,972),(5,5,972),(902,5,972),(1369,5,972),(480,6,972),(481,6,972),(725,6,972),(2,6,972),(4,6,972),(905,6,972),(2,6,972),(491,7,972),(492,7,972),(726,7,972),(2,7,972),(907,7,972),(908,7,972),(2,7,972),(727,8,972),(6,8,972),(3,8,972),(482,1,974),(483,1,974),(469,1,974),(900,1,974),(9,1,974),(478,1,974),(487,1,974),(495,2,974),(488,2,974),(8,2,974),(902,2,974),(480,2,974),(481,2,974),(725,2,974),(491,3,974),(492,3,974),(726,3,974),(2,3,974),(4,3,974),(905,3,974),(2,3,974),(2,4,974),(907,4,974),(908,4,974),(6,4,974),(1369,4,974),(727,4,974),(2,5,974),(3,5,974),(482,1,977),(483,1,977),(469,1,977),(900,1,977),(1442,1,977),(478,1,977),(8,1,977),(495,2,977),(487,2,977),(1451,2,977),(2,2,977),(5,2,977),(902,2,977),(480,3,977),(481,3,977),(4,3,977),(1369,3,977),(2,3,977),(905,3,977),(725,3,977),(491,4,977),(492,4,977),(726,4,977),(2,4,977),(2,4,977),(907,4,977),(908,4,977),(727,5,977),(2,5,977),(6,5,977),(3,5,977),(495,1,978),(469,1,978),(478,1,978),(487,1,978),(9,1,978),(488,1,978),(480,2,978),(481,2,978),(8,2,978),(902,2,978),(5,2,978),(1442,2,978),(725,2,978),(491,3,978),(492,3,978),(726,3,978),(2,3,978),(4,3,978),(905,3,978),(2,3,978),(2,4,978),(907,4,978),(908,4,978),(6,4,978),(1369,4,978),(727,4,978),(2,5,978),(3,5,978),(475,1,980),(476,1,980),(482,1,980),(483,1,980),(478,1,980),(900,1,980),(9,1,980),(495,2,980),(487,2,980),(902,2,980),(1441,2,980),(5,2,980),(1442,2,980),(480,3,980),(481,3,980),(725,3,980),(2,3,980),(4,3,980),(905,3,980),(2,3,980),(491,4,980),(492,4,980),(726,4,980),(1369,4,980),(2,4,980),(907,4,980),(908,4,980),(727,5,980),(2,5,980),(6,5,980),(482,1,982),(483,1,982),(2,1,982),(2,1,982),(4,1,982),(489,1,982),(490,2,982),(725,2,982),(726,2,982),(2,2,982),(2,2,982),(2,2,982),(6,2,982),(727,3,982),(3,3,982),(3,3,982),(1795,1,988),(1797,1,988),(466,1,988),(467,1,988),(1441,1,988),(10,1,988),(900,1,988),(468,2,988),(469,2,988),(477,2,988),(9,2,988),(901,2,988),(1442,2,988),(475,3,988),(476,3,988),(482,3,988),(483,3,988),(478,3,988),(488,3,988),(8,3,988),(495,4,988),(487,4,988),(1451,4,988),(2,4,988),(5,4,988),(902,4,988),(480,5,988),(481,5,988),(4,5,988),(1369,5,988),(2,5,988),(905,5,988),(725,5,988),(491,6,988),(492,6,988),(726,6,988),(2,6,988),(2,6,988),(907,6,988),(908,6,988),(727,7,988),(2,7,988),(6,7,988),(3,7,988),(475,1,990),(476,1,990),(482,1,990),(483,1,990),(469,1,990),(362,1,990),(477,1,990),(9,1,990),(495,2,990),(478,2,990),(487,2,990),(488,2,990),(8,2,990),(902,2,990),(480,3,990),(481,3,990),(5,3,990),(4,3,990),(905,3,990),(907,3,990),(725,3,990),(491,4,990),(492,4,990),(726,4,990),(6,4,990),(1369,4,990),(2,4,990),(908,4,990),(727,5,990),(2,5,990),(3,5,990),(3,5,990),(3,5,990),(1795,1,992),(1797,1,992),(466,1,992),(467,1,992),(362,1,992),(1758,1,992),(1441,1,992),(10,1,992),(468,2,992),(469,2,992),(1438,2,992),(477,2,992),(9,2,992),(901,2,992),(475,3,992),(476,3,992),(482,3,992),(483,3,992),(478,3,992),(488,3,992),(1442,3,992),(495,4,992),(487,4,992),(8,4,992),(2,4,992),(5,4,992),(902,4,992),(480,5,992),(481,5,992),(4,5,992),(1369,5,992),(2,5,992),(905,5,992),(725,5,992),(491,6,992),(492,6,992),(726,6,992),(2,6,992),(2,6,992),(907,6,992),(908,6,992),(727,7,992),(2,7,992),(6,7,992),(3,7,992),(482,1,993),(483,1,993),(469,1,993),(487,1,993),(9,1,993),(488,1,993),(725,1,993),(495,2,993),(902,2,993),(480,2,993),(481,2,993),(4,2,993),(905,2,993),(491,3,993),(492,3,993),(726,3,993),(6,3,993),(1369,3,993),(2,3,993),(908,3,993),(727,4,993),(2,4,993),(3,4,993),(475,1,996),(476,1,996),(482,1,996),(483,1,996),(469,1,996),(1441,1,996),(477,1,996),(495,2,996),(491,2,996),(492,2,996),(478,2,996),(488,2,996),(487,2,996),(725,2,996),(1369,3,996),(726,3,996),(2,3,996),(2,3,996),(905,3,996),(2,3,996),(2,4,996),(908,4,996),(6,4,996),(727,4,996),(2,4,996),(3,1,997),(491,1,999),(492,1,999),(469,1,999),(902,1,999),(1441,1,999),(1451,1,999),(726,1,999),(2,2,999),(2,2,999),(4,2,999),(905,2,999),(6,2,999),(1369,2,999),(2,3,999),(2,3,999),(907,3,999),(908,3,999),(727,3,999),(2,3,999),(3,4,999),(475,1,1000),(476,1,1000),(482,1,1000),(483,1,1000),(1441,1,1000),(488,1,1000),(489,1,1000),(490,2,1000),(725,2,1000),(726,2,1000),(2,2,1000),(2,2,1000),(2,2,1000),(4,2,1000),(727,3,1000),(2,3,1000),(2,3,1000),(8,3,1000),(2,3,1000),(6,3,1000),(3,4,1000),(3,4,1000),(3,4,1000),(491,1,1001),(492,1,1001),(905,1,1001),(1451,1,1001),(1441,1,1001),(725,1,1001),(726,1,1001),(2,1,1001),(727,2,1001),(2,2,1001),(2,2,1001),(468,1,1004),(469,1,1004),(901,1,1004),(10,1,1004),(477,1,1004),(9,1,1004),(475,2,1004),(476,2,1004),(482,2,1004),(483,2,1004),(478,2,1004),(487,2,1004),(488,2,1004),(725,2,1004),(495,3,1004),(8,3,1004),(902,3,1004),(5,3,1004),(480,3,1004),(481,3,1004),(491,4,1004),(492,4,1004),(4,4,1004),(905,4,1004),(726,4,1004),(2,4,1004),(907,4,1004),(727,5,1004),(908,5,1004),(6,5,1004),(1369,5,1004),(2,5,1004),(3,5,1004),(3,6,1004),(491,1,1005),(492,1,1005),(725,1,1005),(727,1,1005),(2,1,1005),(6,1,1005),(490,1,1009),(1788,1,1009),(725,1,1009),(6,1,1009),(727,1,1009),(2,1,1009),(2,1,1009),(3,2,1009),(466,1,1011),(467,1,1011),(469,1,1011),(477,1,1011),(9,1,1011),(901,1,1011),(468,2,1011),(1442,2,1011),(478,2,1011),(488,2,1011),(8,2,1011),(1451,2,1011),(475,3,1011),(476,3,1011),(482,3,1011),(483,3,1011),(487,3,1011),(5,3,1011),(902,3,1011),(725,3,1011),(495,4,1011),(480,4,1011),(481,4,1011),(4,4,1011),(1369,4,1011),(2,4,1011),(491,5,1011),(492,5,1011),(2,5,1011),(905,5,1011),(726,5,1011),(2,5,1011),(2,5,1011),(907,6,1011),(908,6,1011),(6,6,1011),(727,6,1011),(2,6,1011),(3,6,1011),(475,1,1012),(476,1,1012),(482,1,1012),(483,1,1012),(489,1,1012),(2,1,1012),(2,1,1012),(490,2,1012),(725,2,1012),(726,2,1012),(2,2,1012),(6,2,1012),(3,2,1012),(3,2,1012),(727,3,1012),(3,3,1012),(468,1,1013),(469,1,1013),(477,1,1013),(9,1,1013),(487,1,1013),(8,1,1013),(475,2,1013),(476,2,1013),(482,2,1013),(483,2,1013),(478,2,1013),(1441,2,1013),(1442,2,1013),(725,2,1013),(495,3,1013),(1451,3,1013),(480,3,1013),(481,3,1013),(2,3,1013),(2,3,1013),(491,4,1013),(492,4,1013),(4,4,1013),(905,4,1013),(908,4,1013),(726,4,1013),(2,4,1013),(2,5,1013),(907,5,1013),(6,5,1013),(1369,5,1013),(727,5,1013),(2,5,1013),(491,1,1015),(492,1,1015),(899,1,1015),(900,1,1015),(360,1,1015),(362,1,1015),(487,1,1015),(725,1,1015),(2,1,1015),(726,2,1015),(905,2,1015),(1369,2,1015),(2,2,1015),(2,2,1015),(907,2,1015),(727,3,1015),(908,3,1015),(2,3,1015),(6,3,1015),(3,3,1015),(468,1,1016),(10,1,1016),(469,1,1016),(1441,1,1016),(9,1,1016),(478,1,1016),(475,2,1016),(476,2,1016),(482,2,1016),(483,2,1016),(488,2,1016),(1451,2,1016),(487,2,1016),(725,2,1016),(495,3,1016),(480,3,1016),(481,3,1016),(1369,3,1016),(2,3,1016),(902,3,1016),(491,4,1016),(492,4,1016),(726,4,1016),(2,4,1016),(4,4,1016),(905,4,1016),(2,4,1016),(2,5,1016),(907,5,1016),(908,5,1016),(727,5,1016),(2,5,1016),(6,5,1016),(3,6,1016),(491,1,1017),(492,1,1017),(725,1,1017),(727,1,1017),(2,1,1017),(2,1,1017),(466,1,1018),(467,1,1018),(1758,1,1018),(1441,1,1018),(10,1,1018),(900,1,1018),(469,1,1018),(468,2,1018),(477,2,1018),(9,2,1018),(901,2,1018),(1442,2,1018),(488,2,1018),(475,3,1018),(476,3,1018),(482,3,1018),(483,3,1018),(478,3,1018),(8,3,1018),(1451,3,1018),(495,4,1018),(487,4,1018),(2,4,1018),(5,4,1018),(902,4,1018),(1369,4,1018),(480,5,1018),(481,5,1018),(725,5,1018),(2,5,1018),(4,5,1018),(905,5,1018),(2,5,1018),(491,6,1018),(492,6,1018),(726,6,1018),(2,6,1018),(907,6,1018),(908,6,1018),(2,6,1018),(727,7,1018),(6,7,1018),(3,7,1018),(468,1,1020),(464,1,1020),(465,1,1020),(1441,1,1020),(10,1,1020),(1438,1,1020),(475,2,1020),(476,2,1020),(482,2,1020),(483,2,1020),(469,2,1020),(477,2,1020),(488,2,1020),(495,3,1020),(478,3,1020),(9,3,1020),(901,3,1020),(1442,3,1020),(8,3,1020),(487,4,1020),(1451,4,1020),(2,4,1020),(5,4,1020),(902,4,1020),(1369,4,1020),(480,5,1020),(481,5,1020),(725,5,1020),(2,5,1020),(4,5,1020),(905,5,1020),(2,5,1020),(491,6,1020),(492,6,1020),(726,6,1020),(2,6,1020),(907,6,1020),(908,6,1020),(2,6,1020),(727,7,1020),(6,7,1020),(3,7,1020),(475,1,1024),(476,1,1024),(482,1,1024),(483,1,1024),(9,1,1024),(488,1,1024),(489,1,1024),(2,2,1024),(1450,2,1024),(4,2,1024),(490,2,1024),(725,2,1024),(726,2,1024),(2,2,1024),(727,3,1024),(2,3,1024),(2,3,1024),(2,3,1024),(2,3,1024),(6,3,1024),(3,4,1024),(495,1,1025),(491,1,1025),(492,1,1025),(362,1,1025),(907,1,1025),(908,1,1025),(725,1,1025),(726,1,1025),(1369,1,1025),(727,2,1025),(2,2,1025),(2,2,1025),(466,1,1026),(467,1,1026),(9,1,1026),(1449,1,1026),(474,1,1026),(488,1,1026),(468,2,1026),(2,2,1026),(5,2,1026),(1450,2,1026),(489,2,1026),(475,3,1026),(476,3,1026),(482,3,1026),(483,3,1026),(2,3,1026),(2,3,1026),(490,4,1026),(725,4,1026),(726,4,1026),(2,4,1026),(2,4,1026),(4,4,1026),(727,5,1026),(8,5,1026),(2,5,1026),(6,5,1026),(3,5,1026),(3,6,1026),(460,1,1027),(899,1,1027),(900,1,1027),(2093,1,1027),(221,1,1027),(1434,1,1027),(360,1,1027),(1788,2,1027),(362,2,1027),(439,2,1027),(1440,2,1027),(463,2,1027),(1329,2,1027),(1435,2,1027),(1790,3,1027),(1791,3,1027),(469,3,1027),(901,3,1027),(10,3,1027),(1758,3,1027),(1795,4,1027),(1797,4,1027),(9,4,1027),(1438,4,1027),(488,4,1027),(8,4,1027),(902,5,1027),(487,5,1027),(1442,5,1027),(5,5,1027),(1451,5,1027),(4,5,1027),(480,6,1027),(481,6,1027),(905,6,1027),(1441,6,1027),(725,6,1027),(6,6,1027),(1369,6,1027),(2,7,1027),(2,7,1027),(907,7,1027),(908,7,1027),(2,7,1027),(3,7,1027),(1434,1,1028),(727,1,1028),(2,1,1028),(908,1,1028),(2,1,1028),(6,1,1028),(3,2,1028),(3,2,1028),(9,1,1029),(5,1,1029),(1450,1,1029),(488,1,1029),(489,1,1029),(2,1,1029),(490,2,1029),(725,2,1029),(726,2,1029),(2,2,1029),(2,2,1029),(4,2,1029),(2,2,1029),(6,3,1029),(727,3,1029),(3,3,1029),(3,3,1029),(3,3,1029),(482,1,1031),(483,1,1031),(469,1,1031),(488,1,1031),(9,1,1031),(1442,1,1031),(495,2,1031),(487,2,1031),(1451,2,1031),(2,2,1031),(5,2,1031),(902,2,1031),(480,3,1031),(481,3,1031),(4,3,1031),(1369,3,1031),(2,3,1031),(905,3,1031),(725,3,1031),(491,4,1031),(492,4,1031),(726,4,1031),(2,4,1031),(2,4,1031),(907,4,1031),(908,4,1031),(727,5,1031),(2,5,1031),(6,5,1031),(3,5,1031),(468,1,1032),(439,1,1032),(462,1,1032),(10,1,1032),(1758,1,1032),(9,1,1032),(475,2,1032),(476,2,1032),(482,2,1032),(483,2,1032),(1441,2,1032),(464,2,1032),(465,2,1032),(1449,2,1032),(474,3,1032),(2,3,1032),(5,3,1032),(1450,3,1032),(4,3,1032),(8,3,1032),(488,4,1032),(490,4,1032),(725,4,1032),(489,4,1032),(2,4,1032),(2,4,1032),(726,5,1032),(2,5,1032),(2,5,1032),(2,5,1032),(6,5,1032),(3,5,1032),(727,6,1032),(3,6,1032),(3,6,1032),(469,1,1033),(902,1,1033),(6,1,1033),(727,1,1033),(2,1,1033),(2,1,1033),(475,1,1036),(476,1,1036),(482,1,1036),(483,1,1036),(10,1,1036),(469,1,1036),(1797,1,1036),(487,1,1036),(495,2,1036),(902,2,1036),(5,2,1036),(1442,2,1036),(480,2,1036),(481,2,1036),(725,2,1036),(491,3,1036),(492,3,1036),(726,3,1036),(2,3,1036),(2,3,1036),(4,3,1036),(905,3,1036),(2,4,1036),(2,4,1036),(907,4,1036),(908,4,1036),(6,4,1036),(1369,4,1036),(727,5,1036),(2,5,1036),(3,5,1036),(3,5,1036),(3,5,1036),(1795,1,1037),(1797,1,1037),(466,1,1037),(467,1,1037),(360,1,1037),(362,1,1037),(1441,1,1037),(900,1,1037),(468,2,1037),(469,2,1037),(477,2,1037),(9,2,1037),(901,2,1037),(1442,2,1037),(475,3,1037),(476,3,1037),(482,3,1037),(483,3,1037),(478,3,1037),(488,3,1037),(8,3,1037),(495,4,1037),(487,4,1037),(1451,4,1037),(2,4,1037),(5,4,1037),(902,4,1037),(480,5,1037),(481,5,1037),(4,5,1037),(1369,5,1037),(2,5,1037),(905,5,1037),(725,5,1037),(491,6,1037),(492,6,1037),(726,6,1037),(2,6,1037),(2,6,1037),(907,6,1037),(908,6,1037),(727,7,1037),(2,7,1037),(6,7,1037),(1449,1,1038),(490,1,1038),(725,1,1038),(726,1,1038),(489,1,1038),(2,1,1038),(2,1,1038),(1450,2,1038),(727,2,1038),(2,2,1038),(2,2,1038),(2,2,1038),(6,2,1038),(2,1,1039),(908,1,1039),(727,1,1039),(2,1,1039),(491,1,1040),(492,1,1040),(9,1,1040),(5,1,1040),(2,1,1040),(905,1,1040),(725,1,1040),(726,1,1040),(2,2,1040),(2,2,1040),(907,2,1040),(908,2,1040),(6,2,1040),(1369,2,1040),(727,3,1040),(2,3,1040),(3,3,1040),(3,3,1040),(1795,1,1041),(1797,1,1041),(466,1,1041),(467,1,1041),(900,1,1041),(362,1,1041),(464,1,1041),(465,1,1041),(469,1,1041),(468,2,1041),(477,2,1041),(488,2,1041),(1442,2,1041),(487,2,1041),(1441,2,1041),(475,3,1041),(476,3,1041),(482,3,1041),(483,3,1041),(478,3,1041),(480,3,1041),(481,3,1041),(907,3,1041),(495,4,1041),(491,4,1041),(492,4,1041),(725,4,1041),(726,4,1041),(1369,4,1041),(2,4,1041),(2,4,1041),(4,5,1041),(905,5,1041),(727,5,1041),(2,5,1041),(2,5,1041),(908,5,1041),(2,6,1041),(6,6,1041),(3,6,1041),(3,6,1041),(3,6,1041),(3,6,1041),(3,7,1041),(3,7,1041),(1795,1,1042),(1797,1,1042),(466,1,1042),(467,1,1042),(900,1,1042),(360,1,1042),(1440,1,1042),(468,2,1042),(469,2,1042),(477,2,1042),(9,2,1042),(1438,2,1042),(487,2,1042),(475,3,1042),(476,3,1042),(482,3,1042),(483,3,1042),(478,3,1042),(488,3,1042),(8,3,1042),(495,4,1042),(902,4,1042),(1441,4,1042),(1442,4,1042),(1451,4,1042),(908,4,1042),(480,5,1042),(481,5,1042),(725,5,1042),(2,5,1042),(2,5,1042),(4,5,1042),(905,5,1042),(491,6,1042),(492,6,1042),(726,6,1042),(1369,6,1042),(2,6,1042),(2,6,1042),(907,6,1042),(727,7,1042),(2,7,1042),(6,7,1042),(3,7,1042),(475,1,1043),(476,1,1043),(482,1,1043),(483,1,1043),(5,1,1043),(1450,1,1043),(489,1,1043),(490,2,1043),(725,2,1043),(726,2,1043),(2,2,1043),(2,2,1043),(2,2,1043),(2,2,1043),(727,3,1043),(2,3,1043),(6,3,1043),(3,3,1043),(3,3,1043),(495,1,1044),(491,1,1044),(492,1,1044),(1451,1,1044),(907,1,1044),(908,1,1044),(725,1,1044),(726,1,1044),(1369,2,1044),(727,2,1044),(2,2,1044),(2,2,1044),(2,2,1044),(2,2,1044),(2,3,1044),(6,3,1044),(3,3,1044),(468,1,1045),(469,1,1045),(9,1,1045),(478,1,1045),(488,1,1045),(8,1,1045),(475,2,1045),(476,2,1045),(482,2,1045),(483,2,1045),(487,2,1045),(902,2,1045),(1441,2,1045),(725,2,1045),(495,3,1045),(5,3,1045),(1442,3,1045),(480,3,1045),(481,3,1045),(1369,3,1045),(491,4,1045),(492,4,1045),(726,4,1045),(2,4,1045),(2,4,1045),(4,4,1045),(905,4,1045),(2,5,1045),(2,5,1045),(907,5,1045),(908,5,1045),(727,5,1045),(2,5,1045),(6,6,1045),(3,6,1045),(3,6,1045),(3,6,1045),(482,1,1046),(483,1,1046),(9,1,1046),(2,1,1046),(5,1,1046),(1450,1,1046),(488,2,1046),(2,2,1046),(2,2,1046),(4,2,1046),(8,2,1046),(489,2,1046),(490,3,1046),(725,3,1046),(726,3,1046),(2,3,1046),(2,3,1046),(2,3,1046),(6,3,1046),(727,4,1046),(3,4,1046),(3,4,1046),(3,4,1046),(468,1,1047),(9,1,1047),(474,1,1047),(5,1,1047),(4,1,1047),(8,1,1047),(475,2,1047),(476,2,1047),(482,2,1047),(483,2,1047),(488,2,1047),(490,2,1047),(725,2,1047),(489,2,1047),(726,3,1047),(2,3,1047),(2,3,1047),(2,3,1047),(2,3,1047),(2,3,1047),(727,4,1047),(6,4,1047);
/*!40000 ALTER TABLE `advisingresultcourses` ENABLE KEYS */;
UNLOCK TABLES;

--
-- Table structure for table `advisingresults`
--

DROP TABLE IF EXISTS `advisingresults`;
/*!40101 SET @saved_cs_client     = @@character_set_client */;
/*!40101 SET character_set_client = utf8 */;
CREATE TABLE `advisingresults` (
  `advisingSessionId` int(11) NOT NULL,
  `isLate` tinyint(1) DEFAULT '0',
  `shouldTakeWinter` tinyint(1) DEFAULT '0',
  `shouldTakeSummer` tinyint(1) DEFAULT '0',
  `isVerified` tinyint(1) NOT NULL DEFAULT '0',
  PRIMARY KEY (`advisingSessionId`),
  KEY `fk_AdvisingResults_advisingSessions1_idx` (`advisingSessionId`),
  CONSTRAINT `fk_AdvisingResults_advisingSessions1` FOREIGN KEY (`advisingSessionId`) REFERENCES `advisingsessions` (`advisingSessionId`) ON DELETE CASCADE ON UPDATE CASCADE
) ENGINE=InnoDB DEFAULT CHARSET=utf8;
/*!40101 SET character_set_client = @saved_cs_client */;

--
-- Dumping data for table `advisingresults`
--

LOCK TABLES `advisingresults` WRITE;
/*!40000 ALTER TABLE `advisingresults` DISABLE KEYS */;
INSERT INTO `advisingresults` VALUES (951,0,0,0,0),(952,0,0,0,0),(953,0,0,0,0),(954,0,0,0,0),(955,0,0,0,0),(956,0,0,0,0),(957,0,0,0,0),(958,0,0,0,0),(959,0,0,0,0),(960,0,0,0,0),(961,0,0,0,0),(962,0,0,0,0),(963,0,0,0,0),(964,0,0,0,0),(965,0,0,0,0),(966,0,0,0,0),(972,0,0,0,1),(974,0,0,0,1),(977,0,0,0,1),(978,0,0,0,0),(980,0,0,0,1),(981,0,0,0,0),(982,0,0,0,0),(988,0,0,0,0),(990,0,0,0,0),(992,0,0,0,0),(993,0,0,0,0),(996,0,0,0,0),(997,0,0,0,0),(999,0,0,0,0),(1000,0,0,0,0),(1001,0,0,0,0),(1004,0,0,0,0),(1005,0,0,0,0),(1009,0,0,0,0),(1011,0,0,0,0),(1012,0,0,0,0),(1013,0,0,0,0),(1015,0,0,0,0),(1016,0,0,0,0),(1017,0,0,0,0),(1018,0,0,0,0),(1020,0,0,0,0),(1021,0,0,0,0),(1024,0,0,0,0),(1025,0,0,0,0),(1026,0,0,0,0),(1027,0,0,0,0),(1028,0,0,0,0),(1029,0,0,0,0),(1031,0,0,0,0),(1032,0,0,0,0),(1033,0,0,0,0),(1035,0,0,0,0),(1036,0,0,0,0),(1037,0,0,0,0),(1038,0,0,0,0),(1039,0,0,0,0),(1040,0,0,0,0),(1041,0,0,0,0),(1042,0,0,0,0),(1043,0,0,0,0),(1044,0,0,0,0),(1045,0,0,0,0),(1046,0,0,0,0),(1047,0,0,0,0);
/*!40000 ALTER TABLE `advisingresults` ENABLE KEYS */;
UNLOCK TABLES;

--
-- Table structure for table `advisingresultsemesters`
--

DROP TABLE IF EXISTS `advisingresultsemesters`;
/*!40101 SET @saved_cs_client     = @@character_set_client */;
/*!40101 SET character_set_client = utf8 */;
CREATE TABLE `advisingresultsemesters` (
  `advisingSessionId` int(11) NOT NULL,
  `semesterNumber` int(11) NOT NULL,
  `generalElecCredits` int(11) DEFAULT '0',
  PRIMARY KEY (`advisingSessionId`,`semesterNumber`),
  CONSTRAINT `fk_advisingResultSemesters_advisingResults1` FOREIGN KEY (`advisingSessionId`) REFERENCES `advisingresults` (`advisingSessionId`) ON DELETE CASCADE ON UPDATE CASCADE
) ENGINE=InnoDB DEFAULT CHARSET=utf8;
/*!40101 SET character_set_client = @saved_cs_client */;

--
-- Dumping data for table `advisingresultsemesters`
--

LOCK TABLES `advisingresultsemesters` WRITE;
/*!40000 ALTER TABLE `advisingresultsemesters` DISABLE KEYS */;
INSERT INTO `advisingresultsemesters` VALUES (951,1,0),(951,2,0),(951,3,0),(951,4,0),(951,5,0),(951,6,0),(951,7,0),(951,8,0),(952,1,0),(952,2,0),(952,3,0),(952,4,0),(952,5,0),(952,6,0),(952,7,0),(952,8,0),(953,1,0),(953,2,0),(953,3,0),(953,4,0),(953,5,0),(953,6,0),(953,7,0),(954,1,0),(954,2,0),(954,3,0),(954,4,0),(954,5,0),(954,6,0),(954,7,0),(955,1,0),(955,2,0),(955,3,0),(955,4,0),(955,5,0),(955,6,0),(956,1,0),(956,2,0),(956,3,0),(956,4,0),(956,5,0),(956,6,0),(956,7,0),(957,1,0),(957,2,0),(957,3,0),(957,4,0),(957,5,0),(958,1,0),(958,2,0),(958,3,0),(958,4,0),(958,5,0),(959,1,0),(959,2,0),(959,3,0),(959,4,0),(959,5,0),(960,1,0),(960,2,0),(960,3,0),(960,4,0),(961,1,0),(961,2,0),(961,3,0),(961,4,0),(962,1,0),(962,2,0),(962,3,0),(962,4,0),(963,1,0),(963,2,0),(963,3,0),(964,1,0),(964,2,0),(964,3,0),(965,1,0),(965,2,0),(966,1,0),(966,2,0),(972,1,0),(972,2,0),(972,3,0),(972,4,0),(972,5,0),(972,6,0),(972,7,0),(972,8,0),(974,1,0),(974,2,0),(974,3,0),(974,4,0),(974,5,0),(977,1,0),(977,2,0),(977,3,0),(977,4,0),(977,5,0),(978,1,0),(978,2,0),(978,3,0),(978,4,0),(978,5,0),(980,1,0),(980,2,0),(980,3,0),(980,4,0),(980,5,0),(982,1,0),(982,2,0),(982,3,0),(988,1,0),(988,2,0),(988,3,0),(988,4,0),(988,5,0),(988,6,0),(988,7,0),(990,1,0),(990,2,0),(990,3,0),(990,4,0),(990,5,0),(992,1,0),(992,2,0),(992,3,0),(992,4,0),(992,5,0),(992,6,0),(992,7,0),(993,1,0),(993,2,0),(993,3,0),(993,4,0),(996,1,0),(996,2,0),(996,3,0),(996,4,0),(997,1,0),(999,1,0),(999,2,0),(999,3,0),(999,4,0),(1000,1,0),(1000,2,0),(1000,3,0),(1000,4,0),(1001,1,0),(1001,2,0),(1004,1,0),(1004,2,0),(1004,3,0),(1004,4,0),(1004,5,0),(1004,6,0),(1005,1,0),(1009,1,0),(1009,2,0),(1011,1,0),(1011,2,0),(1011,3,0),(1011,4,0),(1011,5,0),(1011,6,0),(1012,1,0),(1012,2,0),(1012,3,0),(1013,1,0),(1013,2,0),(1013,3,0),(1013,4,0),(1013,5,0),(1015,1,0),(1015,2,0),(1015,3,0),(1016,1,0),(1016,2,0),(1016,3,0),(1016,4,0),(1016,5,0),(1016,6,0),(1017,1,0),(1018,1,0),(1018,2,0),(1018,3,0),(1018,4,0),(1018,5,0),(1018,6,0),(1018,7,0),(1020,1,0),(1020,2,0),(1020,3,0),(1020,4,0),(1020,5,0),(1020,6,0),(1020,7,0),(1024,1,0),(1024,2,0),(1024,3,0),(1024,4,0),(1025,1,0),(1025,2,0),(1026,1,0),(1026,2,0),(1026,3,0),(1026,4,0),(1026,5,0),(1026,6,0),(1027,1,0),(1027,2,0),(1027,3,0),(1027,4,0),(1027,5,0),(1027,6,0),(1027,7,0),(1028,1,0),(1028,2,0),(1029,1,0),(1029,2,0),(1029,3,0),(1031,1,0),(1031,2,0),(1031,3,0),(1031,4,0),(1031,5,0),(1032,1,0),(1032,2,0),(1032,3,0),(1032,4,0),(1032,5,0),(1032,6,0),(1033,1,0),(1036,1,0),(1036,2,0),(1036,3,0),(1036,4,0),(1036,5,0),(1037,1,0),(1037,2,0),(1037,3,0),(1037,4,0),(1037,5,0),(1037,6,0),(1037,7,0),(1038,1,0),(1038,2,0),(1039,1,0),(1040,1,0),(1040,2,0),(1040,3,0),(1041,1,0),(1041,2,0),(1041,3,0),(1041,4,0),(1041,5,0),(1041,6,0),(1041,7,0),(1042,1,0),(1042,2,0),(1042,3,0),(1042,4,0),(1042,5,0),(1042,6,0),(1042,7,0),(1043,1,0),(1043,2,0),(1043,3,0),(1044,1,0),(1044,2,0),(1044,3,0),(1045,1,0),(1045,2,0),(1045,3,0),(1045,4,0),(1045,5,0),(1045,6,0),(1046,1,0),(1046,2,0),(1046,3,0),(1046,4,0),(1047,1,0),(1047,2,0),(1047,3,0),(1047,4,0);
/*!40000 ALTER TABLE `advisingresultsemesters` ENABLE KEYS */;
UNLOCK TABLES;

--
-- Table structure for table `advisingsessions`
--

DROP TABLE IF EXISTS `advisingsessions`;
/*!40101 SET @saved_cs_client     = @@character_set_client */;
/*!40101 SET character_set_client = utf8 */;
CREATE TABLE `advisingsessions` (
  `advisingSessionId` int(11) NOT NULL AUTO_INCREMENT,
  `userId` int(11) DEFAULT NULL,
  `overloadingCredits` tinyint(4) DEFAULT '0',
  `summerCredits` tinyint(4) DEFAULT '0',
  `winterCredits` tinyint(4) DEFAULT '0',
  `sessionDate` timestamp NULL DEFAULT CURRENT_TIMESTAMP,
  `generalElecCredits` int(11) DEFAULT '0',
  `paceId` int(11) DEFAULT '2',
  `semestersToPlan` int(11) DEFAULT '1',
  `semesterNumber` int(11) DEFAULT NULL,
  `exemptedCredits` int(11) DEFAULT NULL,
  PRIMARY KEY (`advisingSessionId`),
  UNIQUE KEY `advisingSessionId_UNIQUE` (`advisingSessionId`),
  UNIQUE KEY `student_id_UNIQUE` (`userId`),
  KEY `fk_advising_session_1_idx` (`userId`),
  KEY `fk_advising_sessions_2_idx` (`paceId`),
  CONSTRAINT `fk_advising_session_1` FOREIGN KEY (`userId`) REFERENCES `users` (`userId`) ON DELETE CASCADE ON UPDATE CASCADE,
  CONSTRAINT `fk_advising_sessions_2` FOREIGN KEY (`paceId`) REFERENCES `paces` (`paceId`) ON DELETE CASCADE ON UPDATE CASCADE
) ENGINE=InnoDB AUTO_INCREMENT=1048 DEFAULT CHARSET=utf8;
/*!40101 SET character_set_client = @saved_cs_client */;

--
-- Dumping data for table `advisingsessions`
--

LOCK TABLES `advisingsessions` WRITE;
/*!40000 ALTER TABLE `advisingsessions` DISABLE KEYS */;
INSERT INTO `advisingsessions` VALUES (951,16,0,0,0,'2021-11-12 18:03:38',0,1,10,NULL,0),(952,17,0,0,0,'2021-11-12 18:03:38',0,1,10,NULL,0),(953,18,0,0,0,'2021-11-12 18:03:39',0,1,10,NULL,0),(954,19,0,0,0,'2021-11-12 18:03:39',0,1,10,NULL,0),(955,20,0,0,0,'2021-11-12 18:03:39',0,1,10,NULL,0),(956,21,0,0,0,'2021-11-12 18:03:39',0,1,10,NULL,0),(957,22,0,0,0,'2021-11-12 18:03:39',0,1,10,NULL,0),(958,23,0,0,0,'2021-11-12 18:03:40',0,1,10,NULL,0),(959,24,0,0,0,'2021-11-12 18:03:40',0,1,10,NULL,0),(960,25,0,0,0,'2021-11-12 18:03:40',0,1,10,NULL,0),(961,26,0,0,0,'2021-11-12 18:03:40',0,1,10,NULL,0),(962,27,0,0,0,'2021-11-12 18:03:40',0,1,10,NULL,0),(963,28,0,0,0,'2021-11-12 18:03:40',0,1,10,NULL,0),(964,29,0,0,0,'2021-11-12 18:03:41',0,1,10,NULL,0),(965,30,0,0,0,'2021-11-12 18:03:41',0,1,10,NULL,0),(966,31,0,0,0,'2021-11-12 18:03:41',0,1,10,NULL,0),(972,800040202,0,0,0,'2021-11-14 08:58:54',3,1,10,NULL,3),(974,900193761,0,0,0,'2021-11-14 10:14:31',0,1,1,NULL,0),(977,900192453,0,0,0,'2021-11-14 10:16:17',0,1,5,NULL,0),(978,900191250,0,0,0,'2021-11-14 10:20:27',0,1,1,NULL,0),(980,900193220,0,0,0,'2021-11-14 11:04:16',3,1,1,NULL,0),(981,30003678,0,0,0,'2021-11-14 13:23:21',0,1,1,NULL,0),(982,900184062,0,0,0,'2021-11-15 19:04:42',3,1,2,NULL,0),(988,900192511,0,0,0,'2021-11-16 09:37:21',0,1,1,NULL,0),(990,900196083,0,0,0,'2021-11-16 09:49:17',3,1,10,NULL,9),(992,900203356,0,0,0,'2021-11-16 10:44:56',3,1,1,NULL,3),(993,900191234,0,0,0,'2021-11-16 11:00:00',0,1,5,NULL,0),(996,900182735,0,0,0,'2021-11-16 11:11:29',3,1,1,NULL,0),(997,900203006,0,0,0,'2021-11-16 12:12:12',6,1,2,NULL,9),(999,900181126,0,0,0,'2021-11-16 12:39:08',0,1,3,NULL,0),(1000,900196040,0,0,0,'2021-11-16 13:33:46',0,1,4,NULL,0),(1001,900150232,0,0,0,'2021-11-16 14:18:38',6,1,1,NULL,0),(1004,900196010,0,0,0,'2021-11-16 17:48:48',0,1,1,NULL,3),(1005,900171054,0,0,0,'2021-11-16 18:57:13',3,1,1,NULL,0),(1009,900182339,0,0,0,'2021-11-16 20:36:40',11,1,1,NULL,3),(1011,900202087,0,0,0,'2021-11-16 21:31:29',0,1,1,NULL,0),(1012,900184008,0,0,0,'2021-11-17 08:42:35',0,1,3,NULL,0),(1013,900191831,0,0,0,'2021-11-17 09:47:18',3,1,4,NULL,0),(1015,900183330,0,0,0,'2021-11-17 10:27:52',0,1,1,NULL,0),(1016,900194119,0,0,0,'2021-11-17 10:36:32',3,1,1,NULL,3),(1017,900170747,19,0,0,'2021-11-17 15:35:01',3,1,1,NULL,0),(1018,900202967,0,0,0,'2021-11-17 16:38:43',0,1,1,NULL,0),(1020,900204018,0,0,0,'2021-11-17 19:46:18',0,1,2,NULL,0),(1021,900201299,0,0,0,'2021-11-18 07:03:05',3,1,8,NULL,3),(1024,900193027,0,0,0,'2021-11-18 17:29:16',6,1,2,NULL,0),(1025,900172822,19,0,0,'2021-11-18 19:23:02',3,1,1,NULL,0),(1026,900202515,16,0,0,'2021-11-19 11:35:47',3,1,4,NULL,0),(1027,23123123,0,0,0,'2021-11-19 19:57:49',0,1,1,NULL,0),(1028,900172603,0,0,0,'2021-11-20 18:59:18',0,1,1,NULL,3),(1029,900192237,0,0,0,'2021-11-21 17:28:14',0,1,1,NULL,0),(1031,900192388,0,0,0,'2021-11-22 03:23:12',4,1,2,NULL,3),(1032,900201230,0,0,0,'2021-11-22 12:09:39',6,1,1,NULL,6),(1033,900172284,0,0,0,'2021-11-22 12:22:52',15,1,1,NULL,3),(1035,900204474,19,0,0,'2021-11-22 12:28:27',3,1,1,NULL,0),(1036,900193555,0,0,0,'2021-11-22 12:33:13',0,1,3,NULL,6),(1037,900202283,0,0,0,'2021-11-22 13:45:05',3,1,1,NULL,0),(1038,900171807,0,0,0,'2021-11-22 15:11:53',9,1,2,NULL,0),(1039,900170269,0,0,0,'2021-11-22 17:58:52',3,1,1,NULL,0),(1040,900183120,0,0,0,'2021-11-22 21:40:27',0,1,3,NULL,3),(1041,900191741,0,0,0,'2021-11-23 08:23:47',0,1,1,NULL,15),(1042,900191612,0,0,0,'2021-11-23 10:09:38',0,1,1,NULL,0),(1043,900191466,0,0,0,'2021-11-23 13:14:36',6,1,1,NULL,3),(1044,900171600,0,0,0,'2021-11-23 13:18:57',0,1,1,NULL,0),(1045,900196011,0,0,0,'2021-11-23 13:41:02',1,1,1,NULL,6),(1046,900193668,0,0,0,'2021-11-23 15:50:20',0,1,4,NULL,0),(1047,900191833,0,0,0,'2021-11-23 20:42:19',12,1,1,NULL,0);
/*!40000 ALTER TABLE `advisingsessions` ENABLE KEYS */;
UNLOCK TABLES;

--
-- Table structure for table `catalogcourses`
--

DROP TABLE IF EXISTS `catalogcourses`;
/*!40101 SET @saved_cs_client     = @@character_set_client */;
/*!40101 SET character_set_client = utf8 */;
CREATE TABLE `catalogcourses` (
  `catalogId` int(11) NOT NULL,
  `courseId` int(11) NOT NULL,
  `courseTypeId` int(11) DEFAULT NULL,
  KEY `fk_catalog_courses_1` (`catalogId`),
  KEY `fk_catalog_courses_2_idx` (`courseId`),
  KEY `fk_catalog_courses_3_idx` (`courseTypeId`),
  CONSTRAINT `fk_catalog_courses_1` FOREIGN KEY (`catalogId`) REFERENCES `catalogs` (`catalogId`) ON UPDATE CASCADE,
  CONSTRAINT `fk_catalog_courses_2` FOREIGN KEY (`courseId`) REFERENCES `courses` (`courseId`) ON UPDATE CASCADE,
  CONSTRAINT `fk_catalog_courses_3` FOREIGN KEY (`courseTypeId`) REFERENCES `coursetypes` (`courseTypeId`) ON UPDATE CASCADE
) ENGINE=InnoDB DEFAULT CHARSET=utf8;
/*!40101 SET character_set_client = @saved_cs_client */;

--
-- Dumping data for table `catalogcourses`
--

LOCK TABLES `catalogcourses` WRITE;
/*!40000 ALTER TABLE `catalogcourses` DISABLE KEYS */;
INSERT INTO `catalogcourses` VALUES (13,460,2),(13,461,2),(13,464,2),(13,465,2),(13,466,2),(13,468,2),(13,467,2),(13,474,2),(13,475,2),(13,476,2),(13,488,2),(13,482,2),(13,483,2),(13,490,2),(13,489,2),(13,725,2),(13,726,2),(13,727,2),(13,469,3),(13,471,3),(13,472,3),(13,473,3),(13,479,3),(13,500,3),(13,491,3),(13,477,3),(13,478,3),(13,480,3),(13,487,3),(13,494,3),(13,493,3),(13,492,3),(13,481,3),(13,504,3),(13,495,3),(13,496,3),(13,505,3),(13,497,3),(13,503,3),(13,498,3),(13,501,3),(13,507,3),(13,506,3),(13,1447,8),(13,1445,3),(13,1457,3),(13,1459,8),(13,1458,8),(13,1442,7),(13,1434,4),(13,1435,4),(13,1440,4),(13,1438,4),(13,1441,4),(13,1451,4),(13,1788,4),(13,1790,4),(13,1789,4),(13,1791,4),(13,1795,4),(13,1797,4),(19,460,2),(19,461,2),(19,464,2),(19,465,2),(19,466,2),(19,468,2),(19,467,2),(19,469,2),(19,475,2),(19,477,2),(19,478,2),(19,476,2),(19,488,2),(19,482,2),(19,487,2),(19,491,2),(19,480,2),(19,492,2),(19,481,2),(19,495,2),(19,725,2),(19,726,2),(19,727,2),(19,1369,2),(19,471,3),(19,472,3),(19,473,3),(19,474,3),(19,479,3),(19,490,3),(19,500,3),(19,494,3),(19,493,3),(19,504,3),(19,496,3),(19,489,3),(19,497,3),(19,503,3),(19,498,3),(19,501,3),(19,505,3),(19,507,3),(19,506,3),(19,845,3),(19,864,3),(19,360,5),(19,362,5),(19,899,5),(19,900,5),(19,901,5),(19,902,5),(19,905,5),(19,907,5),(19,908,5),(19,1434,5),(19,1435,5),(19,1440,5),(19,1438,5),(19,1442,5),(19,1441,5),(19,1451,5),(19,1788,5),(19,1790,5),(19,1789,5),(19,1791,5),(19,1795,5),(19,1797,5),(13,463,2),(19,463,2),(14,460,2),(14,461,2),(14,464,2),(14,465,2),(14,466,2),(14,468,2),(14,467,2),(14,474,2),(14,475,2),(14,476,2),(14,488,2),(14,482,2),(14,483,2),(14,490,2),(14,489,2),(14,725,2),(14,726,2),(14,727,2),(14,469,3),(14,471,3),(14,472,3),(14,473,3),(14,479,3),(14,500,3),(14,491,3),(14,477,3),(14,478,3),(14,480,3),(14,487,3),(14,494,3),(14,493,3),(14,492,3),(14,481,3),(14,504,3),(14,495,3),(14,496,3),(14,505,3),(14,497,3),(14,503,3),(14,498,3),(14,501,3),(14,507,3),(14,506,3),(14,1447,8),(14,1445,3),(14,1457,3),(14,1459,8),(14,1458,8),(14,1442,7),(14,1434,4),(14,1435,4),(14,1440,4),(14,1438,4),(14,1441,4),(14,1451,4),(14,1788,4),(14,1790,4),(14,1789,4),(14,1791,4),(14,1795,4),(14,1797,4),(20,460,2),(20,461,2),(20,464,2),(20,465,2),(20,466,2),(20,468,2),(20,467,2),(20,469,2),(20,475,2),(20,477,2),(20,478,2),(20,476,2),(20,488,2),(20,482,2),(20,487,2),(20,491,2),(20,480,2),(20,492,2),(20,481,2),(20,495,2),(20,725,2),(20,726,2),(20,727,2),(20,1369,2),(20,471,3),(20,472,3),(20,473,3),(20,474,3),(20,479,3),(20,490,3),(20,500,3),(20,494,3),(20,493,3),(20,504,3),(20,496,3),(20,489,3),(20,497,3),(20,503,3),(20,498,3),(20,501,3),(20,505,3),(20,507,3),(20,506,3),(20,845,3),(20,864,3),(20,360,5),(20,362,5),(20,899,5),(20,900,5),(20,901,5),(20,902,5),(20,905,5),(20,907,5),(20,908,5),(20,1434,5),(20,1435,5),(20,1440,5),(20,1438,5),(20,1442,5),(20,1441,5),(20,1451,5),(20,1788,5),(20,1790,5),(20,1789,5),(20,1791,5),(20,1795,5),(20,1797,5),(14,463,2),(20,463,2),(21,460,2),(21,461,2),(21,462,2),(21,464,2),(21,465,2),(21,466,2),(21,468,2),(21,467,2),(21,469,2),(21,475,2),(21,477,2),(21,478,2),(21,476,2),(21,488,2),(21,482,2),(21,483,2),(21,487,2),(21,491,2),(21,480,2),(21,492,2),(21,481,2),(21,495,2),(21,725,2),(21,726,2),(21,727,2),(21,1369,2),(21,471,3),(21,472,3),(21,473,3),(21,474,3),(21,479,3),(21,490,3),(21,500,3),(21,494,3),(21,493,3),(21,504,3),(21,496,3),(21,489,3),(21,497,3),(21,503,3),(21,498,3),(21,501,3),(21,505,3),(21,507,3),(21,506,3),(21,845,3),(21,864,3),(21,360,5),(21,362,5),(21,899,5),(21,900,5),(21,901,5),(21,902,5),(21,905,5),(21,907,5),(21,908,5),(21,1434,5),(21,1435,5),(21,1440,5),(21,1438,5),(21,1442,5),(21,1441,5),(21,1451,5),(21,1788,5),(21,1790,5),(21,1789,5),(21,1791,5),(21,1795,5),(21,1797,5),(15,460,2),(15,461,2),(15,462,2),(15,464,2),(15,465,2),(15,466,2),(15,468,2),(15,467,2),(15,474,2),(15,475,2),(15,476,2),(15,488,2),(15,482,2),(15,483,2),(15,490,2),(15,489,2),(15,725,2),(15,726,2),(15,727,2),(15,469,3),(15,471,3),(15,472,3),(15,473,3),(15,479,3),(15,500,3),(15,491,3),(15,477,3),(15,478,3),(15,480,3),(15,487,3),(15,494,3),(15,493,3),(15,492,3),(15,481,3),(15,504,3),(15,495,3),(15,496,3),(15,505,3),(15,497,3),(15,503,3),(15,498,3),(15,501,3),(15,507,3),(15,506,3),(15,1447,8),(15,1445,3),(15,1457,3),(15,1459,8),(15,1458,8),(15,1442,7),(15,1434,4),(15,1435,4),(15,1440,4),(15,1438,4),(15,1441,4),(15,1451,4),(15,1788,4),(15,1790,4),(15,1789,4),(15,1791,4),(15,1795,4),(15,1797,4),(22,460,2),(22,461,2),(22,462,2),(22,464,2),(22,465,2),(22,466,2),(22,468,2),(22,467,2),(22,469,2),(22,475,2),(22,477,2),(22,478,2),(22,476,2),(22,488,2),(22,482,2),(22,483,2),(22,487,2),(22,491,2),(22,480,2),(22,492,2),(22,481,2),(22,495,2),(22,725,2),(22,726,2),(22,727,2),(22,1369,2),(22,471,3),(22,472,3),(22,473,3),(22,474,3),(22,479,3),(22,490,3),(22,500,3),(22,494,3),(22,493,3),(22,504,3),(22,496,3),(22,489,3),(22,497,3),(22,503,3),(22,498,3),(22,501,3),(22,486,3),(22,505,3),(22,507,3),(22,506,3),(22,845,3),(22,864,3),(22,1447,3),(22,1445,3),(22,1457,3),(22,1459,3),(22,1458,3),(22,360,5),(22,362,5),(22,899,5),(22,900,5),(22,901,5),(22,902,5),(22,905,5),(22,907,5),(22,908,5),(22,1434,5),(22,1435,5),(22,1440,5),(22,1438,5),(22,1442,5),(22,1441,5),(22,1451,5),(22,1788,5),(22,1790,5),(22,1789,5),(22,1791,5),(22,1795,5),(22,1797,5),(16,460,2),(16,461,2),(16,462,2),(16,464,2),(16,465,2),(16,466,2),(16,468,2),(16,467,2),(16,474,2),(16,475,2),(16,476,2),(16,488,2),(16,482,2),(16,483,2),(16,490,2),(16,489,2),(16,725,2),(16,726,2),(16,727,2),(16,469,3),(16,471,3),(16,472,3),(16,473,3),(16,479,3),(16,500,3),(16,491,3),(16,477,3),(16,478,3),(16,480,3),(16,487,3),(16,494,3),(16,493,3),(16,492,3),(16,481,3),(16,504,3),(16,495,3),(16,496,3),(16,505,3),(16,497,3),(16,503,3),(16,498,3),(16,486,3),(16,501,3),(16,507,3),(16,506,3),(16,1442,3),(16,1447,3),(16,1445,3),(16,1457,3),(16,1459,3),(16,1458,3),(16,502,3),(16,1434,4),(16,1435,4),(16,1440,4),(16,1438,4),(16,1441,4),(16,1449,4),(16,1450,4),(16,1788,4),(16,1790,4),(16,1789,4),(16,1791,4),(16,1795,4),(16,1797,4),(23,460,2),(23,461,2),(23,462,2),(23,464,2),(23,465,2),(23,466,2),(23,468,2),(23,467,2),(23,469,2),(23,475,2),(23,477,2),(23,478,2),(23,476,2),(23,488,2),(23,482,2),(23,483,2),(23,487,2),(23,491,2),(23,480,2),(23,492,2),(23,481,2),(23,495,2),(23,725,2),(23,726,2),(23,727,2),(23,1369,2),(23,471,3),(23,472,3),(23,473,3),(23,474,3),(23,479,3),(23,490,3),(23,500,3),(23,494,3),(23,493,3),(23,504,3),(23,496,3),(23,489,3),(23,497,3),(23,503,3),(23,498,3),(23,501,3),(23,486,3),(23,505,3),(23,507,3),(23,506,3),(23,845,3),(23,864,3),(23,1447,3),(23,1445,3),(23,1457,3),(23,1459,3),(23,1458,3),(23,360,5),(23,362,5),(23,899,5),(23,900,5),(23,901,5),(23,902,5),(23,905,5),(23,907,5),(23,908,5),(23,1434,5),(23,1435,5),(23,1440,5),(23,1438,5),(23,1442,5),(23,1441,5),(23,1451,5),(23,1788,5),(23,1790,5),(23,1789,5),(23,1791,5),(23,1795,5),(23,1797,5),(17,460,2),(17,461,2),(17,462,2),(17,464,2),(17,465,2),(17,466,2),(17,468,2),(17,467,2),(17,474,2),(17,475,2),(17,476,2),(17,488,2),(17,482,2),(17,483,2),(17,490,2),(17,489,2),(17,725,2),(17,726,2),(17,727,2),(17,469,3),(17,471,3),(17,472,3),(17,473,3),(17,479,3),(17,500,3),(17,491,3),(17,477,3),(17,478,3),(17,480,3),(17,487,3),(17,494,3),(17,493,3),(17,492,3),(17,481,3),(17,504,3),(17,495,3),(17,496,3),(17,505,3),(17,497,3),(17,503,3),(17,498,3),(17,486,3),(17,501,3),(17,507,3),(17,506,3),(17,1442,3),(17,1447,3),(17,1445,3),(17,1457,3),(17,1459,3),(17,1458,3),(17,502,3),(17,1434,4),(17,1435,4),(17,1440,4),(17,1438,4),(17,1441,4),(17,1449,4),(17,1450,4),(17,1788,4),(17,1790,4),(17,1789,4),(17,1791,4),(17,1795,4),(17,1797,4),(18,460,2),(18,461,2),(18,462,2),(18,464,2),(18,465,2),(18,466,2),(18,467,2),(18,468,2),(18,469,2),(18,474,2),(18,475,2),(18,476,2),(18,482,2),(18,483,2),(18,488,2),(18,489,2),(18,490,2),(18,725,2),(18,726,2),(18,727,2),(18,471,3),(18,472,3),(18,473,3),(18,477,3),(18,478,3),(18,479,3),(18,480,3),(18,481,3),(18,486,3),(18,487,3),(18,491,3),(18,492,3),(18,493,3),(18,494,3),(18,495,3),(18,496,3),(18,497,3),(18,498,3),(18,501,3),(18,502,3),(18,503,3),(18,504,3),(18,505,3),(18,506,3),(18,507,3),(18,1442,3),(18,1447,3),(18,1457,3),(18,1458,3),(18,1459,3),(18,1434,4),(18,1435,4),(18,1438,4),(18,1440,4),(18,1441,4),(18,1449,4),(18,1450,4),(18,1788,4),(18,1789,4),(18,1790,4),(18,1791,4),(24,460,2),(24,461,2),(24,462,2),(24,464,2),(24,465,2),(24,466,2),(24,467,2),(24,468,2),(24,469,2),(24,475,2),(24,476,2),(24,477,2),(24,478,2),(24,480,2),(24,481,2),(24,482,2),(24,483,2),(24,487,2),(24,488,2),(24,491,2),(24,492,2),(24,495,2),(24,725,2),(24,726,2),(24,727,2),(24,471,3),(24,472,3),(24,473,3),(24,474,3),(24,479,3),(24,486,3),(24,489,3),(24,490,3),(24,493,3),(24,494,3),(24,496,3),(24,497,3),(24,498,3),(24,500,3),(24,501,3),(24,503,3),(24,504,3),(24,505,3),(24,506,3),(24,507,3),(24,845,3),(24,864,3),(24,1447,3),(24,1457,3),(24,1458,3),(24,1459,3),(24,1369,3),(24,360,5),(24,362,5),(24,899,5),(24,900,5),(24,901,5),(24,902,5),(24,905,5),(24,907,5),(24,1434,5),(24,1435,5),(24,1438,5),(24,1440,5),(24,1441,5),(24,1442,5),(24,1449,5),(24,1450,5),(24,1788,5),(24,1789,5),(24,1790,5),(24,1791,5),(24,1795,5),(24,1797,5),(19,4,1),(20,4,1),(21,4,1),(22,4,1),(23,4,1),(24,4,1),(13,4,1),(14,4,1),(15,4,1),(16,4,1),(17,4,1),(18,4,1),(19,5,1),(20,5,1),(21,5,1),(22,5,1),(23,5,1),(24,5,1),(13,5,1),(14,5,1),(15,5,1),(16,5,1),(17,5,1),(18,5,1),(19,6,1),(20,6,1),(21,6,1),(22,6,1),(23,6,1),(24,6,1),(13,6,1),(14,6,1),(15,6,1),(16,6,1),(17,6,1),(18,6,1),(19,8,1),(20,8,1),(21,8,1),(22,8,1),(23,8,1),(24,8,1),(13,8,1),(14,8,1),(15,8,1),(16,8,1),(17,8,1),(18,8,1),(19,9,1),(20,9,1),(21,9,1),(22,9,1),(23,9,1),(24,9,1),(13,9,1),(14,9,1),(15,9,1),(16,9,1),(17,9,1),(18,9,1),(19,10,1),(20,10,1),(21,10,1),(22,10,1),(23,10,1),(24,10,1),(13,10,1),(14,10,1),(15,10,1),(16,10,1),(17,10,1),(18,10,1),(19,2093,1),(20,2093,1),(21,2093,1),(22,2093,1),(23,2093,1),(24,2093,1),(13,2093,1),(14,2093,1),(15,2093,1),(16,2093,1),(17,2093,1),(18,2093,1),(19,221,1),(20,221,1),(21,221,1),(22,221,1),(23,221,1),(24,221,1),(13,221,1),(14,221,1),(15,221,1),(16,221,1),(17,221,1),(18,221,1),(19,2094,1),(20,2094,1),(21,2094,1),(22,2094,1),(23,2094,1),(24,2094,1),(13,2094,1),(14,2094,1),(15,2094,1),(16,2094,1),(17,2094,1),(18,2094,1),(19,439,1),(20,439,1),(21,439,1),(22,439,1),(23,439,1),(24,439,1),(13,439,1),(14,439,1),(15,439,1),(16,439,1),(17,439,1),(18,439,1),(19,1329,1),(20,1329,1),(21,1329,1),(22,1329,1),(23,1329,1),(24,1329,1),(13,1329,1),(14,1329,1),(15,1329,1),(16,1329,1),(17,1329,1),(18,1329,1),(19,1758,1),(20,1758,1),(21,1758,1),(22,1758,1),(23,1758,1),(24,1758,1),(13,1758,1),(14,1758,1),(15,1758,1),(16,1758,1),(17,1758,1),(18,1758,1),(25,460,2),(25,461,2),(25,464,2),(25,465,2),(25,466,2),(25,468,2),(25,467,2),(25,474,2),(25,475,2),(25,476,2),(25,488,2),(25,482,2),(25,483,2),(25,490,2),(25,489,2),(25,725,2),(25,726,2),(25,727,2),(25,469,3),(25,471,3),(25,472,3),(25,473,3),(25,479,3),(25,500,3),(25,491,3),(25,477,3),(25,478,3),(25,480,3),(25,487,3),(25,494,3),(25,493,3),(25,492,3),(25,481,3),(25,504,3),(25,495,3),(25,496,3),(25,505,3),(25,497,3),(25,503,3),(25,498,3),(25,501,3),(25,507,3),(25,506,3),(25,1447,8),(25,1445,3),(25,1457,3),(25,1459,8),(25,1458,8),(25,1442,7),(25,1434,4),(25,1435,4),(25,1440,4),(25,1438,4),(25,1441,4),(25,1451,4),(25,1788,4),(25,1790,4),(25,1789,4),(25,1791,4),(25,1795,4),(25,1797,4),(31,460,2),(31,461,2),(31,464,2),(31,465,2),(31,466,2),(31,468,2),(31,467,2),(31,469,2),(31,475,2),(31,477,2),(31,478,2),(31,476,2),(31,488,2),(31,482,2),(31,487,2),(31,491,2),(31,480,2),(31,492,2),(31,481,2),(31,495,2),(31,725,2),(31,726,2),(31,727,2),(31,1369,2),(31,471,3),(31,472,3),(31,473,3),(31,474,3),(31,479,3),(31,490,3),(31,500,3),(31,494,3),(31,493,3),(31,504,3),(31,496,3),(31,489,3),(31,497,3),(31,503,3),(31,498,3),(31,501,3),(31,505,3),(31,507,3),(31,506,3),(31,845,3),(31,864,3),(31,360,5),(31,362,5),(31,899,5),(31,900,5),(31,901,5),(31,902,5),(31,905,5),(31,907,5),(31,908,5),(31,1434,5),(31,1435,5),(31,1440,5),(31,1438,5),(31,1442,5),(31,1441,5),(31,1451,5),(31,1788,5),(31,1790,5),(31,1789,5),(31,1791,5),(31,1795,5),(31,1797,5),(25,463,2),(31,463,2),(26,460,2),(26,461,2),(26,464,2),(26,465,2),(26,466,2),(26,468,2),(26,467,2),(26,474,2),(26,475,2),(26,476,2),(26,488,2),(26,482,2),(26,483,2),(26,490,2),(26,489,2),(26,725,2),(26,726,2),(26,727,2),(26,469,3),(26,471,3),(26,472,3),(26,473,3),(26,479,3),(26,500,3),(26,491,3),(26,477,3),(26,478,3),(26,480,3),(26,487,3),(26,494,3),(26,493,3),(26,492,3),(26,481,3),(26,504,3),(26,495,3),(26,496,3),(26,505,3),(26,497,3),(26,503,3),(26,498,3),(26,501,3),(26,507,3),(26,506,3),(26,1447,8),(26,1445,3),(26,1457,3),(26,1459,8),(26,1458,8),(26,1442,7),(26,1434,4),(26,1435,4),(26,1440,4),(26,1438,4),(26,1441,4),(26,1451,4),(26,1788,4),(26,1790,4),(26,1789,4),(26,1791,4),(26,1795,4),(26,1797,4),(32,460,2),(32,461,2),(32,464,2),(32,465,2),(32,466,2),(32,468,2),(32,467,2),(32,469,2),(32,475,2),(32,477,2),(32,478,2),(32,476,2),(32,488,2),(32,482,2),(32,487,2),(32,491,2),(32,480,2),(32,492,2),(32,481,2),(32,495,2),(32,725,2),(32,726,2),(32,727,2),(32,1369,2),(32,471,3),(32,472,3),(32,473,3),(32,474,3),(32,479,3),(32,490,3),(32,500,3),(32,494,3),(32,493,3),(32,504,3),(32,496,3),(32,489,3),(32,497,3),(32,503,3),(32,498,3),(32,501,3),(32,505,3),(32,507,3),(32,506,3),(32,845,3),(32,864,3),(32,360,5),(32,362,5),(32,899,5),(32,900,5),(32,901,5),(32,902,5),(32,905,5),(32,907,5),(32,908,5),(32,1434,5),(32,1435,5),(32,1440,5),(32,1438,5),(32,1442,5),(32,1441,5),(32,1451,5),(32,1788,5),(32,1790,5),(32,1789,5),(32,1791,5),(32,1795,5),(32,1797,5),(26,463,2),(32,463,2),(33,460,2),(33,461,2),(33,462,2),(33,464,2),(33,465,2),(33,466,2),(33,468,2),(33,467,2),(33,469,2),(33,475,2),(33,477,2),(33,478,2),(33,476,2),(33,488,2),(33,482,2),(33,483,2),(33,487,2),(33,491,2),(33,480,2),(33,492,2),(33,481,2),(33,495,2),(33,725,2),(33,726,2),(33,727,2),(33,1369,2),(33,471,3),(33,472,3),(33,473,3),(33,474,3),(33,479,3),(33,490,3),(33,500,3),(33,494,3),(33,493,3),(33,504,3),(33,496,3),(33,489,3),(33,497,3),(33,503,3),(33,498,3),(33,501,3),(33,505,3),(33,507,3),(33,506,3),(33,845,3),(33,864,3),(33,360,5),(33,362,5),(33,899,5),(33,900,5),(33,901,5),(33,902,5),(33,905,5),(33,907,5),(33,908,5),(33,1434,5),(33,1435,5),(33,1440,5),(33,1438,5),(33,1442,5),(33,1441,5),(33,1451,5),(33,1788,5),(33,1790,5),(33,1789,5),(33,1791,5),(33,1795,5),(33,1797,5),(27,460,2),(27,461,2),(27,462,2),(27,464,2),(27,465,2),(27,466,2),(27,468,2),(27,467,2),(27,474,2),(27,475,2),(27,476,2),(27,488,2),(27,482,2),(27,483,2),(27,490,2),(27,489,2),(27,725,2),(27,726,2),(27,727,2),(27,469,3),(27,471,3),(27,472,3),(27,473,3),(27,479,3),(27,500,3),(27,491,3),(27,477,3),(27,478,3),(27,480,3),(27,487,3),(27,494,3),(27,493,3),(27,492,3),(27,481,3),(27,504,3),(27,495,3),(27,496,3),(27,505,3),(27,497,3),(27,503,3),(27,498,3),(27,501,3),(27,507,3),(27,506,3),(27,1447,8),(27,1445,3),(27,1457,3),(27,1459,8),(27,1458,8),(27,1442,7),(27,1434,4),(27,1435,4),(27,1440,4),(27,1438,4),(27,1441,4),(27,1451,4),(27,1788,4),(27,1790,4),(27,1789,4),(27,1791,4),(27,1795,4),(27,1797,4),(34,460,2),(34,461,2),(34,462,2),(34,464,2),(34,465,2),(34,466,2),(34,468,2),(34,467,2),(34,469,2),(34,475,2),(34,477,2),(34,478,2),(34,476,2),(34,488,2),(34,482,2),(34,483,2),(34,487,2),(34,491,2),(34,480,2),(34,492,2),(34,481,2),(34,495,2),(34,725,2),(34,726,2),(34,727,2),(34,1369,2),(34,471,3),(34,472,3),(34,473,3),(34,474,3),(34,479,3),(34,490,3),(34,500,3),(34,494,3),(34,493,3),(34,504,3),(34,496,3),(34,489,3),(34,497,3),(34,503,3),(34,498,3),(34,501,3),(34,486,3),(34,505,3),(34,507,3),(34,506,3),(34,845,3),(34,864,3),(34,1447,3),(34,1445,3),(34,1457,3),(34,1459,3),(34,1458,3),(34,360,5),(34,362,5),(34,899,5),(34,900,5),(34,901,5),(34,902,5),(34,905,5),(34,907,5),(34,908,5),(34,1434,5),(34,1435,5),(34,1440,5),(34,1438,5),(34,1442,5),(34,1441,5),(34,1451,5),(34,1788,5),(34,1790,5),(34,1789,5),(34,1791,5),(34,1795,5),(34,1797,5),(28,460,2),(28,461,2),(28,462,2),(28,464,2),(28,465,2),(28,466,2),(28,468,2),(28,467,2),(28,474,2),(28,475,2),(28,476,2),(28,488,2),(28,482,2),(28,483,2),(28,490,2),(28,489,2),(28,725,2),(28,726,2),(28,727,2),(28,469,3),(28,471,3),(28,472,3),(28,473,3),(28,479,3),(28,500,3),(28,491,3),(28,477,3),(28,478,3),(28,480,3),(28,487,3),(28,494,3),(28,493,3),(28,492,3),(28,481,3),(28,504,3),(28,495,3),(28,496,3),(28,505,3),(28,497,3),(28,503,3),(28,498,3),(28,486,3),(28,501,3),(28,507,3),(28,506,3),(28,1442,3),(28,1447,3),(28,1445,3),(28,1457,3),(28,1459,3),(28,1458,3),(28,502,3),(28,1434,4),(28,1435,4),(28,1440,4),(28,1438,4),(28,1441,4),(28,1449,4),(28,1450,4),(28,1788,4),(28,1790,4),(28,1789,4),(28,1791,4),(28,1795,4),(28,1797,4),(35,460,2),(35,461,2),(35,462,2),(35,464,2),(35,465,2),(35,466,2),(35,468,2),(35,467,2),(35,469,2),(35,475,2),(35,477,2),(35,478,2),(35,476,2),(35,488,2),(35,482,2),(35,483,2),(35,487,2),(35,491,2),(35,480,2),(35,492,2),(35,481,2),(35,495,2),(35,725,2),(35,726,2),(35,727,2),(35,1369,2),(35,471,3),(35,472,3),(35,473,3),(35,474,3),(35,479,3),(35,490,3),(35,500,3),(35,494,3),(35,493,3),(35,504,3),(35,496,3),(35,489,3),(35,497,3),(35,503,3),(35,498,3),(35,501,3),(35,486,3),(35,505,3),(35,507,3),(35,506,3),(35,845,3),(35,864,3),(35,1447,3),(35,1445,3),(35,1457,3),(35,1459,3),(35,1458,3),(35,360,5),(35,362,5),(35,899,5),(35,900,5),(35,901,5),(35,902,5),(35,905,5),(35,907,5),(35,908,5),(35,1434,5),(35,1435,5),(35,1440,5),(35,1438,5),(35,1442,5),(35,1441,5),(35,1451,5),(35,1788,5),(35,1790,5),(35,1789,5),(35,1791,5),(35,1795,5),(35,1797,5),(29,460,2),(29,461,2),(29,462,2),(29,464,2),(29,465,2),(29,466,2),(29,468,2),(29,467,2),(29,474,2),(29,475,2),(29,476,2),(29,488,2),(29,482,2),(29,483,2),(29,490,2),(29,489,2),(29,725,2),(29,726,2),(29,727,2),(29,469,3),(29,471,3),(29,472,3),(29,473,3),(29,479,3),(29,500,3),(29,491,3),(29,477,3),(29,478,3),(29,480,3),(29,487,3),(29,494,3),(29,493,3),(29,492,3),(29,481,3),(29,504,3),(29,495,3),(29,496,3),(29,505,3),(29,497,3),(29,503,3),(29,498,3),(29,486,3),(29,501,3),(29,507,3),(29,506,3),(29,1442,3),(29,1447,3),(29,1445,3),(29,1457,3),(29,1459,3),(29,1458,3),(29,502,3),(29,1434,4),(29,1435,4),(29,1440,4),(29,1438,4),(29,1441,4),(29,1449,4),(29,1450,4),(29,1788,4),(29,1790,4),(29,1789,4),(29,1791,4),(29,1795,4),(29,1797,4),(30,460,2),(30,461,2),(30,462,2),(30,464,2),(30,465,2),(30,466,2),(30,467,2),(30,468,2),(30,469,2),(30,474,2),(30,475,2),(30,476,2),(30,482,2),(30,483,2),(30,488,2),(30,489,2),(30,490,2),(30,725,2),(30,726,2),(30,727,2),(30,471,3),(30,472,3),(30,473,3),(30,477,3),(30,478,3),(30,479,3),(30,480,3),(30,481,3),(30,486,3),(30,487,3),(30,491,3),(30,492,3),(30,493,3),(30,494,3),(30,495,3),(30,496,3),(30,497,3),(30,498,3),(30,501,3),(30,502,3),(30,503,3),(30,504,3),(30,505,3),(30,506,3),(30,507,3),(30,1442,3),(30,1447,3),(30,1457,3),(30,1458,3),(30,1459,3),(30,1434,4),(30,1435,4),(30,1438,4),(30,1440,4),(30,1441,4),(30,1449,4),(30,1450,4),(30,1788,4),(30,1789,4),(30,1790,4),(30,1791,4),(36,460,2),(36,461,2),(36,462,2),(36,464,2),(36,465,2),(36,466,2),(36,467,2),(36,468,2),(36,469,2),(36,475,2),(36,476,2),(36,477,2),(36,478,2),(36,480,2),(36,481,2),(36,482,2),(36,483,2),(36,487,2),(36,488,2),(36,491,2),(36,492,2),(36,495,2),(36,725,2),(36,726,2),(36,727,2),(36,471,3),(36,472,3),(36,473,3),(36,474,3),(36,479,3),(36,486,3),(36,489,3),(36,490,3),(36,493,3),(36,494,3),(36,496,3),(36,497,3),(36,498,3),(36,500,3),(36,501,3),(36,503,3),(36,504,3),(36,505,3),(36,506,3),(36,507,3),(36,845,3),(36,864,3),(36,1447,3),(36,1457,3),(36,1458,3),(36,1459,3),(36,1369,3),(36,360,5),(36,362,5),(36,899,5),(36,900,5),(36,901,5),(36,902,5),(36,905,5),(36,907,5),(36,1434,5),(36,1435,5),(36,1438,5),(36,1440,5),(36,1441,5),(36,1442,5),(36,1449,5),(36,1450,5),(36,1788,5),(36,1789,5),(36,1790,5),(36,1791,5),(36,1795,5),(36,1797,5),(31,4,1),(32,4,1),(33,4,1),(34,4,1),(35,4,1),(36,4,1),(25,4,1),(26,4,1),(27,4,1),(28,4,1),(29,4,1),(30,4,1),(31,5,1),(32,5,1),(33,5,1),(34,5,1),(35,5,1),(36,5,1),(25,5,1),(26,5,1),(27,5,1),(28,5,1),(29,5,1),(30,5,1),(31,6,1),(32,6,1),(33,6,1),(34,6,1),(35,6,1),(36,6,1),(25,6,1),(26,6,1),(27,6,1),(28,6,1),(29,6,1),(30,6,1),(31,8,1),(32,8,1),(33,8,1),(34,8,1),(35,8,1),(36,8,1),(25,8,1),(26,8,1),(27,8,1),(28,8,1),(29,8,1),(30,8,1),(31,9,1),(32,9,1),(33,9,1),(34,9,1),(35,9,1),(36,9,1),(25,9,1),(26,9,1),(27,9,1),(28,9,1),(29,9,1),(30,9,1),(31,10,1),(32,10,1),(33,10,1),(34,10,1),(35,10,1),(36,10,1),(25,10,1),(26,10,1),(27,10,1),(28,10,1),(29,10,1),(30,10,1),(31,2093,1),(32,2093,1),(33,2093,1),(34,2093,1),(35,2093,1),(36,2093,1),(25,2093,1),(26,2093,1),(27,2093,1),(28,2093,1),(29,2093,1),(30,2093,1),(31,221,1),(32,221,1),(33,221,1),(34,221,1),(35,221,1),(36,221,1),(25,221,1),(26,221,1),(27,221,1),(28,221,1),(29,221,1),(30,221,1),(31,2094,1),(32,2094,1),(33,2094,1),(34,2094,1),(35,2094,1),(36,2094,1),(25,2094,1),(26,2094,1),(27,2094,1),(28,2094,1),(29,2094,1),(30,2094,1),(31,439,1),(32,439,1),(33,439,1),(34,439,1),(35,439,1),(36,439,1),(25,439,1),(26,439,1),(27,439,1),(28,439,1),(29,439,1),(30,439,1),(31,1329,1),(32,1329,1),(33,1329,1),(34,1329,1),(35,1329,1),(36,1329,1),(25,1329,1),(26,1329,1),(27,1329,1),(28,1329,1),(29,1329,1),(30,1329,1),(31,1758,1),(32,1758,1),(33,1758,1),(34,1758,1),(35,1758,1),(36,1758,1),(25,1758,1),(26,1758,1),(27,1758,1),(28,1758,1),(29,1758,1),(30,1758,1);
/*!40000 ALTER TABLE `catalogcourses` ENABLE KEYS */;
UNLOCK TABLES;

--
-- Table structure for table `catalogs`
--

DROP TABLE IF EXISTS `catalogs`;
/*!40101 SET @saved_cs_client     = @@character_set_client */;
/*!40101 SET character_set_client = utf8 */;
CREATE TABLE `catalogs` (
  `catalogId` int(11) NOT NULL AUTO_INCREMENT,
  `majorId` int(11) NOT NULL,
  `year` varchar(50) NOT NULL,
  `coreCredits` int(11) DEFAULT NULL,
  `concReqCredits` int(11) DEFAULT NULL,
  `concElecCredits` int(11) DEFAULT NULL,
  `collateralCredits` int(11) DEFAULT NULL,
  `generalElecCredits` int(11) DEFAULT NULL,
  `engCoreCredits` int(11) DEFAULT NULL,
  PRIMARY KEY (`catalogId`),
  UNIQUE KEY `majorId_season_year` (`majorId`,`year`),
  KEY `fk_catalogs_1_idx` (`majorId`),
  CONSTRAINT `fk_catalogs_1` FOREIGN KEY (`majorId`) REFERENCES `majors` (`majorId`) ON DELETE CASCADE ON UPDATE CASCADE
) ENGINE=InnoDB AUTO_INCREMENT=37 DEFAULT CHARSET=utf8;
/*!40101 SET character_set_client = @saved_cs_client */;

--
-- Dumping data for table `catalogs`
--

LOCK TABLES `catalogs` WRITE;
/*!40000 ALTER TABLE `catalogs` DISABLE KEYS */;
INSERT INTO `catalogs` VALUES (25,142,'2016-2017',33,42,18,30,9,0),(26,142,'2017-2018',33,42,18,30,9,0),(27,142,'2018-2019',33,42,18,30,9,0),(28,142,'2019-2020',33,42,18,30,9,0),(29,142,'2020-2021',33,42,18,30,9,0),(30,142,'2021-2022',33,45,18,26,9,0),(31,141,'2016-2017',33,59,15,0,9,52),(32,141,'2017-2018',33,59,15,0,9,52),(33,141,'2018-2019',33,59,15,0,9,52),(34,141,'2019-2020',33,59,15,0,3,52),(35,141,'2020-2021',33,59,15,0,3,52),(36,141,'2021-2022',33,56,18,0,3,52);
/*!40000 ALTER TABLE `catalogs` ENABLE KEYS */;
UNLOCK TABLES;

--
-- Table structure for table `courserequisites`
--

DROP TABLE IF EXISTS `courserequisites`;
/*!40101 SET @saved_cs_client     = @@character_set_client */;
/*!40101 SET character_set_client = utf8 */;
CREATE TABLE `courserequisites` (
  `courseId` int(11) NOT NULL,
  `setId` int(11) NOT NULL AUTO_INCREMENT,
  PRIMARY KEY (`setId`),
  UNIQUE KEY `courseId_setId_UNIQUE` (`courseId`,`setId`),
  KEY `fk_courses_prerequisites_1_idx` (`courseId`),
  CONSTRAINT `fk_courses_prerequisites_1` FOREIGN KEY (`courseId`) REFERENCES `courses` (`courseId`) ON UPDATE CASCADE
) ENGINE=InnoDB AUTO_INCREMENT=85 DEFAULT CHARSET=utf8;
/*!40101 SET character_set_client = @saved_cs_client */;

--
-- Dumping data for table `courserequisites`
--

LOCK TABLES `courserequisites` WRITE;
/*!40000 ALTER TABLE `courserequisites` DISABLE KEYS */;
INSERT INTO `courserequisites` VALUES (6,83),(221,74),(461,2),(462,3),(463,84),(464,4),(465,5),(466,6),(467,9),(468,7),(468,8),(469,21),(471,22),(472,23),(473,24),(474,10),(475,11),(476,12),(477,28),(478,29),(479,25),(480,30),(481,35),(482,14),(483,15),(486,43),(487,31),(488,13),(489,17),(490,16),(491,27),(492,34),(493,33),(494,32),(495,37),(496,38),(497,40),(498,42),(500,26),(501,44),(502,58),(503,41),(504,36),(505,39),(506,47),(507,45),(507,46),(725,18),(726,19),(727,20),(901,81),(902,79),(905,82),(907,80),(1329,78),(1435,61),(1438,63),(1440,62),(1441,64),(1442,48),(1445,50),(1445,51),(1445,52),(1447,49),(1449,65),(1450,66),(1457,59),(1457,60),(1458,55),(1458,56),(1458,57),(1459,53),(1459,54),(1758,77),(1788,67),(1789,69),(1790,68),(1791,70),(1795,71),(1795,72),(1797,73),(2093,75),(2094,76);
/*!40000 ALTER TABLE `courserequisites` ENABLE KEYS */;
UNLOCK TABLES;

--
-- Table structure for table `courses`
--

DROP TABLE IF EXISTS `courses`;
/*!40101 SET @saved_cs_client     = @@character_set_client */;
/*!40101 SET character_set_client = utf8 */;
CREATE TABLE `courses` (
  `courseId` int(11) NOT NULL AUTO_INCREMENT,
  `courseCode` int(11) NOT NULL,
  `courseTitle` varchar(125) DEFAULT NULL,
  `credits` tinyint(4) DEFAULT NULL,
  `prefix` varchar(10) NOT NULL,
  PRIMARY KEY (`courseId`),
  UNIQUE KEY `courseCode_departmendId_UNIQUE` (`courseCode`,`prefix`)
) ENGINE=InnoDB AUTO_INCREMENT=2342 DEFAULT CHARSET=utf8;
/*!40101 SET character_set_client = @saved_cs_client */;

--
-- Dumping data for table `courses`
--

LOCK TABLES `courses` WRITE;
/*!40000 ALTER TABLE `courses` DISABLE KEYS */;
INSERT INTO `courses` VALUES (1,-11,'Maths Elective',NULL,'MACT'),(2,-10,'Major Elective',NULL,'XXXX'),(3,-9,'General Elective',NULL,'XXXX'),(4,-8,'Arab World Studies II',3,'XXXX'),(5,-7,'Arab World Studies I',3,'XXXX'),(6,-6,'Core Capstone II',3,'XXXX'),(7,-5,'Core Capstone I',3,'XXXX'),(8,-4,'Humanities and Social Sciences',3,'XXXX'),(9,-3,'Global Studies',3,'XXXX'),(10,-2,'Pathways II: Cultural Explorations',3,'XXXX'),(11,-1,'Pathways I: Scientific Encounters',3,'XXXX'),(12,2001,'Financial Accounting',3,'ACCT'),(13,2002,'Managerial Accounting',3,'ACCT'),(14,3001,'Intermediate Accounting I',3,'ACCT'),(15,3002,'Intermediate Accounting II',3,'ACCT'),(16,3003,'Advanced Accounting',3,'ACCT'),(17,3004,'Cost Accounting',3,'ACCT'),(18,3005,'Auditing',3,'ACCT'),(19,3006,'Principles of Taxation',3,'ACCT'),(20,4000,'Automated Financial Accounting',3,'ACCT'),(21,4001,'Contemporary Issues in Auditing and Forensic Accounting',3,'ACCT'),(22,4002,'Special Topics in Tax Accounting',3,'ACCT'),(23,4004,'Financial Statement Analysis',3,'ACCT'),(24,4005,'Contemporary Issues in Financial Reporting',3,'ACCT'),(25,4070,'Special Topics in Accounting',3,'ACCT'),(26,4075,'Independent Study in Accounting',NULL,'ACCT'),(27,5201,'Financial Reporting and Analysis',3,'ACCT'),(28,5211,'Accounting for Managers',2,'ACCT'),(29,5301,'Managerial Accounting for Decision Making',3,'ACCT'),(30,5370,'Selected Topics in Accounting',3,'ACCT'),(31,5375,'Independent Study in Accounting',NULL,'ACCT'),(32,1099,'Selected Topics for Core Curriculum',3,'AMST'),(33,2096,'Selected Topics for Core Curriculum',3,'AMST'),(34,2190,'Is America Still a Superpower?',3,'AMST'),(35,3010,'American Literature to 1900',3,'AMST'),(36,3011,'Modern American Literature',3,'AMST'),(37,3016,'American Philosophy',3,'AMST'),(38,3100,'The US and the World Economy',3,'AMST'),(39,4001,'Selected Topics for Core Curriculum',3,'AMST'),(40,4444,'Media Law and Policy',3,'AMST'),(41,1099,'Selected Topics for Core Curriculum',3,'ANTH'),(42,2005,'Arab Society',3,'ANTH'),(43,2006,'Youth Cultures',3,'ANTH'),(44,2007,'Anthropology of the Occupied: Palestine/ Israel',3,'ANTH'),(45,2099,'Selected Topics for Core Curriculum',3,'ANTH'),(46,2101,'Cultural Anthropology',3,'ANTH'),(47,2201,'Introduction to Community Development',3,'ANTH'),(48,3015,'Global Families: Kinship and Relatedness in Late Modernity',3,'ANTH'),(49,3020,'Social Movements',3,'ANTH'),(50,3040,'States, Capital and Rural Lives',3,'ANTH'),(51,3045,'The Urban Experience',3,'ANTH'),(52,3060,'Social Constructions of Difference: Race, Class and Gender',3,'ANTH'),(53,3070,'Anthropology and Film',3,'ANTH'),(54,3075,'Language in Culture',3,'ANTH'),(55,3080,'Gender, Sexuality and Social Change',3,'ANTH'),(56,3085,'Environmental Issues in Egypt',3,'ANTH'),(57,3090,'Public Anthropology',3,'ANTH'),(58,3102,'History of Social Theory',3,'ANTH'),(59,3104,'Contemporary Anthropological Theory',3,'ANTH'),(60,3105,'Fieldwork Methods',3,'ANTH'),(61,3202,'Participatory Action Research in Community Settings',3,'ANTH'),(62,3301,'Anthropologies of Middle East and North Africa',3,'ANTH'),(63,3302,'Anthropologies of Africa',3,'ANTH'),(64,3303,'Anthropologies of Latin America',3,'ANTH'),(65,3304,'Anthropologies of Asia',3,'ANTH'),(66,3305,'Selected People and Culture Areas',3,'ANTH'),(67,4015,'Psychological Anthropology',3,'ANTH'),(68,4020,'Anthropology of Violence',3,'ANTH'),(69,4025,'Religion in a Global World',3,'ANTH'),(70,4030,'Women, Islam and the State',3,'ANTH'),(71,4050,'Critical Approaches to Development',3,'ANTH'),(72,4055,'Seminar in African Studies',3,'ANTH'),(73,4065,'Culture, Economy and the Everyday',3,'ANTH'),(74,4070,'Political Anthropology',3,'ANTH'),(75,4075,'Migrants and Transnationals',3,'ANTH'),(76,4099,'Selected Topics in Anthropology',3,'ANTH'),(77,4107,'Senior Seminar',3,'ANTH'),(78,4203,'Practicum in Community Development',3,'ANTH'),(79,4405,'Independent Study',NULL,'ANTH'),(80,4499,'Selected Topics in Coptic Studies',3,'ANTH'),(81,4560,'Development Studies Seminar',3,'ANTH'),(82,5100,'Methods of TESOL I',3,'APLN'),(83,5101,'The Phonetics of Arabic',3,'APLN'),(84,5102,'The Linguistics of Arabic',3,'APLN'),(85,5103,'Advanced Arabic Grammar',3,'APLN'),(86,5104,'Second Language Acquisition',3,'APLN'),(87,5105,'English Grammar',3,'APLN'),(88,5111,'Language Variation and Change',3,'APLN'),(89,5124,'Introduction to Computational Linguistics',3,'APLN'),(90,5132,'Language and Politics',3,'APLN'),(91,5201,'Principles of Linguistic Analysis',3,'APLN'),(92,5202,'Second Language Acquisition',3,'APLN'),(93,5203,'Methods of Teaching a Foreign Language I',3,'APLN'),(94,5204,'Methods of Teaching Arabic to Non-native Speakers II',3,'APLN'),(95,5205,'Sociolinguistics',3,'APLN'),(96,5206,'Seminar on Challenges Facing AFL Teachers',3,'APLN'),(97,5210,'Computer Assisted Language Learning (CALL)/Computer Operations Techniques',3,'APLN'),(98,5270,'Selected Topics in Applied Linguistics',NULL,'APLN'),(99,5271,'Supervised Study in TAFL',3,'APLN'),(100,5298,'Comprehensives',0,'APLN'),(101,5299,'Research Guidance and Thesis',0,'APLN'),(102,5301,'Principles of Linguistic Analysis',3,'APLN'),(103,5302,'Research Methods in Applied Linguistics',3,'APLN'),(104,5305,'Assessment in Language Learning',3,'APLN'),(105,5310,'Computer Assisted Language Learning (CALL)',3,'APLN'),(106,5311,'Thesis Proposal Writing',3,'APLN'),(107,5312,'Second Language Reading and Writing: Theory and Practice',3,'APLN'),(108,5313,'Second Language Listening and Speaking: Theory and Practice',3,'APLN'),(109,5320,'English Syntax',3,'APLN'),(110,5321,'Corpus Linguistics',3,'APLN'),(111,1099,'Selected Topics for the Core Curriculum',3,'EDUC'),(112,2011,'Education and Society',3,'EDUC'),(113,2021,'Fundamentals of Teaching and Learning',3,'EDUC'),(114,2099,'Selected Topics in Core Curriculum',3,'EDUC'),(115,3011,'Educating Children and Youth for a Sustainable Future',3,'EDUC'),(116,3021,'Educational Assessment and Instructional Design',3,'EDUC'),(117,3031,'Education, Civil Society and International Development',3,'EDUC'),(118,4031,'Gender and Education',3,'EDUC'),(119,4098,'Selected Topics for Core Curriculum',3,'EDUC'),(120,5201,'Foundations of Educational Research',3,'EDUC'),(121,5202,'Social Foundations of Education',3,'EDUC'),(122,5203,'Introduction to International & Comparative Education',3,'EDUC'),(123,5204,'Human Development & Learning Theory',3,'EDUC'),(124,5205,'Foundations of Instructional Practice',3,'EDUC'),(125,5211,'Globalization, Development, and Educational Reform in the Arab World',3,'EDUC'),(126,5212,'Comparative Gender, Adolescent, Youth, and Human Development Policy',3,'EDUC'),(127,5213,'Educational Evaluation & Assessment',3,'EDUC'),(128,5214,'Human Rights-based Education',3,'EDUC'),(129,5215,'Educational Policy Analysis',3,'EDUC'),(130,5216,'Research-Based Comparative Approaches to Educational Reform',3,'EDUC'),(131,5217,'Strategic Educational Planning and Development',3,'EDUC'),(132,5221,'Transformational Education',3,'EDUC'),(133,5222,'School Governance and Management',3,'EDUC'),(134,5223,'Organizational Theory and Educational Institutions',3,'EDUC'),(135,5224,'Research-based Instructional Leadership',3,'EDUC'),(136,5231,'Online and Blended Learning Design and Instruction in Developing Countries',3,'EDUC'),(137,5232,'Literacy, Learning and Education',3,'EDUC'),(138,5233,'Action Research',3,'EDUC'),(139,5234,'Reaching Diverse and Underserved Learners',3,'EDUC'),(140,5236,'Education for Sustainable Development',3,'EDUC'),(141,5238,'Programs and Environments for Inclusive Education',3,'EDUC'),(142,5241,'Pedagogy & Theory of Modern Teaching & Learning in Higher Education',3,'EDUC'),(143,5242,'Theories of Student Development in Higher Education',3,'EDUC'),(144,5243,'Policy and Administration in Higher Education',3,'EDUC'),(145,5259,'Selected Topics in International & Comparative Education',3,'EDUC'),(146,5265,'Applied Projects in Inclusive Education',3,'EDUC'),(147,5281,'Supervised Fieldwork',3,'EDUC'),(148,5282,'Independent Study in International & Comparative Education',3,'EDUC'),(149,5288,'Comprehensive Exam',1,'EDUC'),(150,5293,'Capstone Project',3,'EDUC'),(151,5299,'Research Guidance and Thesis',2,'EDUC'),(152,1099,'Selected Topics for the Core Curriculum',3,'EGPT'),(153,2020,'Ancient Egypt: An Introduction',3,'EGPT'),(154,2030,'Introduction to Egyptian Architecture',3,'EGPT'),(155,2099,'Selected Topics for Core Curriculum',3,'EGPT'),(156,2210,'Introduction to Archaeology',3,'EGPT'),(157,2250,'Ancient Egyptian Literature in Translation',3,'EGPT'),(158,2251,'Hieroglyphics I',3,'EGPT'),(159,2252,'Hieroglyphics II',3,'EGPT'),(160,3010,'Temples, Tombs and Hieroglyphs',3,'EGPT'),(161,3201,'Art and Architecture of Ancient Egypt I',3,'EGPT'),(162,3202,'Art and Architecture of Ancient Egypt II',3,'EGPT'),(163,3211,'History of Ancient Egypt I: Pre-Dynastic Through Middle Kingdom Egypt',3,'EGPT'),(164,3212,'History of Ancient Egypt II: Middle Kingdom through Ptolemaic Egypt',3,'EGPT'),(165,4030,'Independent Study in Egyptology',NULL,'EGPT'),(166,4040,'Ancient Egyptian Religion and Ethics',3,'EGPT'),(167,5030,'Independent Study and Guided Readings',3,'EGPT'),(168,5100,'Culture and Society of Ancient Egypt',3,'EGPT'),(170,5110,'Egypt in the First Millennium BC',3,'EGPT'),(171,5111,'Egyptomania',3,'EGPT'),(172,5120,'Graeco-Roman Egypt',3,'EGPT'),(174,5130,'Art, Societies, and Cultures of the Ancient Near East',3,'EGPT'),(176,5140,'Societies and Cultures of Ancient Nubia',3,'EGPT'),(178,5150,'Introduction to Coptic',3,'EGPT'),(180,5151,'Hieroglyphics III',3,'EGPT'),(182,5152,'Introduction to Hieratic',3,'EGPT'),(183,5153,'Hieroglyphics IV',3,'EGPT'),(185,5154,'Late Egyptian',3,'EGPT'),(186,5160,'Selected Topics in Coptic Studies',3,'EGPT'),(188,5170,'Selected Topics in Cultural Resource Management and Museology',3,'EGPT'),(190,5180,'Advanced Method and Theory: Archaeological and Historical',3,'EGPT'),(191,5191,'Field Work',3,'EGPT'),(193,5199,'Selected Topics in Ancient Egyptian Art and Culture',3,'EGPT'),(195,5220,'Ancient Egyptian Religion and Ethics',3,'EGPT'),(196,5230,'Settlement and Daily Life in Ancient Egypt',3,'EGPT'),(197,5240,'Death and Burial in Ancient Egypt',3,'EGPT'),(198,5310,'Classical Art and Archaeology',3,'EGPT'),(199,5320,'The Romano-Byzantine World and Egypt',3,'EGPT'),(200,5330,'Coptic Art and Architecture',3,'EGPT'),(201,5420,'Material Culture: Looking at Artifacts in Context',3,'EGPT'),(202,5430,'Site Analysis',3,'EGPT'),(203,5440,'The Iconography of Ancient Egypt',3,'EGPT'),(204,5510,'Advanced Hieratic',3,'EGPT'),(205,5520,'Introduction to Demotic',3,'EGPT'),(206,5530,'Ptolemaic Hieroglyphs',3,'EGPT'),(207,5540,'Advanced Coptic Texts',3,'EGPT'),(208,5550,'Advanced Readings in Ancient Egyptian Religion Texts',3,'EGPT'),(209,5560,'Advanced Readings in Historical Literature from the Old Kingdom to the Late Period',3,'EGPT'),(210,5991,'Research Seminar: Research Design and Writing',3,'EGPT'),(211,5292,'Advanced Topics in Construction Engineering',3,'CENG'),(212,6211,'Structural Stability',3,'CENG'),(213,6212,'Structural Dynamics',3,'CENG'),(214,6213,'Earthquake Engineering and Seismic Design',3,'CENG'),(215,6222,'Specialty Materials for Construction',3,'CENG'),(216,6223,'Preserving, Repair and Sustainability of Structures',3,'CENG'),(217,6231,'Highways Pavement Systems and Design',3,'CENG'),(218,6290,'Research Guidance Dissertation',3,'CENG'),(219,6291,'Independent Study in Structural and Material Engineering',3,'CENG'),(220,6292,'Advanced Selected Topics in Structural and Material Engineering',3,'CENG'),(221,1010,'Freshman Seminar',3,'CORE'),(222,1099,'Selected Topics for Core Curriculum',3,'CORE'),(223,1130,'The Human Spirit',3,'CORE'),(224,1140,'Community Matters',3,'CORE'),(225,2096,'Selected Topics for the Core Curriculum in Global Studies',3,'CORE'),(226,2097,'Selected Topics for The Arab World',3,'CORE'),(227,2098,'Selected Topics on Egypt',3,'CORE'),(228,2099,'Selected Topics for Core Curriculum',3,'CORE'),(229,2142,'Profiles in Civic Leadership and Civic Project Development',3,'CORE'),(230,4198,'Selected Topic for Core Curriculum',3,'CORE'),(231,1011,'The Human Quest: Exploring the \"Big Questions\"',3,'SEMR'),(232,1012,'\"Who Am I?\": Explorations in Consciousness and Self Across the Disciplines\"',3,'SEMR'),(233,1023,'Celebrating Ideas: A Voyage Through Books, film, Art and Theater',3,'SEMR'),(234,1099,'Selected Topics in Core Curriculum',3,'SEMR'),(235,1110,'Creative Thinking & Problem Solving',3,'SEMR'),(236,2010,'Core Seminar',3,'SEMR'),(237,2099,'Selected Topics in the Humanities',3,'SEMR'),(238,3099,'Core Seminar',3,'SEMR'),(239,4018,'East-West Dialogue: Cross-Cultural Perceptions and Reflections',3,'SEMR'),(240,4028,'The Arab Spring in Arab Eyes: Perceptions and Reflections from the Arab World',3,'SEMR'),(241,4038,'South-South Dialogue: Perceptions and Reflections from the Global South',3,'SEMR'),(242,1411,'Fundamentals of Data Science I',3,'DSCI'),(243,1412,'Fundamentals of Data Science II',3,'DSCI'),(244,2411,'Data Visualization',3,'DSCI'),(245,3411,'Fundamentals of Simulation',3,'DSCI'),(246,3413,'Biostatistics',3,'DSCI'),(247,3415,'Fundamentals of Machine Learning',3,'DSCI'),(248,4411,'Fundamentals of Data Mining',3,'DSCI'),(249,4412,'Introduction to Big Data Technologies',3,'DSCI'),(250,4413,'Analysis of Categorical Data',3,'DSCI'),(251,4415,'Advanced Machine Learning',3,'DSCI'),(252,4416,'Capstone l (Data Science Senior Project l)',1,'DSCI'),(253,4417,'Capstone II (Data Science Project II)',2,'DSCI'),(254,4950,'Industrial Training',3,'DSCI'),(255,1099,'Selected Topics for Core Curriculum',3,'ECON'),(256,2011,'Introduction to Microeconomics',3,'ECON'),(257,2021,'Introduction to Macroeconomics',3,'ECON'),(258,2051,'Economic History of the Modern Middle East',3,'ECON'),(259,2061,'Mathematics for Economists I',3,'ECON'),(260,2081,'Statistics for Economists',3,'ECON'),(261,3011,'Intermediate Microeconomic Theory',3,'ECON'),(262,3021,'Intermediate Macroeconomic Theory',3,'ECON'),(263,3041,'Monetary Economics',3,'ECON'),(264,3053,'Economic Development',3,'ECON'),(265,3054,'Environmental and Natural Resource Economics',3,'ECON'),(266,3055,'The Digital Economy: The Economics of New Technologies and Development',3,'ECON'),(267,3061,'Mathematics for Economists II',3,'ECON'),(268,3071,'Labor Economics',3,'ECON'),(269,3081,'Introduction to Econometrics',3,'ECON'),(270,4000,'Independent Study',NULL,'ECON'),(271,4002,'Senior Thesis',3,'ECON'),(272,4012,'Feasibility Study',3,'ECON'),(273,4013,'Behavioral Economics',3,'ECON'),(274,4014,'Public Economics and Policy Analysis',3,'ECON'),(275,4015,'Applied Econometrics',3,'ECON'),(276,4031,'International Trade',3,'ECON'),(277,4041,'Financial Economics',3,'ECON'),(278,4050,'CopyrightX: The Economics of Copyright and Creativity',3,'ECON'),(279,4051,'Seminar on Economic Development and Policy in the Middle East',3,'ECON'),(280,4061,'Mathematical Economics',3,'ECON'),(281,4081,'Econometrics',3,'ECON'),(282,4091,'History of Economic Thought',3,'ECON'),(283,4094,'Economics of Egypt',3,'ECON'),(284,4099,'Seminar: Special Topics in Economics',3,'ECON'),(285,5200,'Independent Study',3,'ECON'),(286,5201,'Research Workshop',3,'ECON'),(287,5202,'Research Guidance and Thesis',6,'ECON'),(288,5211,'Advanced Microeconomic Theory',3,'ECON'),(289,5213,'Project Evaluation',3,'ECON'),(290,5215,'Competitive Strategy and Game Theory',3,'ECON'),(291,5217,'Health Economics in Developing Countries',3,'ECON'),(292,5219,'Health Care Financing',3,'ECON'),(293,5221,'Advanced Macroeconomic Theory',3,'ECON'),(294,5231,'Advanced International Trade',3,'ECON'),(295,5233,'International Finance',3,'ECON'),(296,5241,'Financial Economics',3,'ECON'),(297,5242,'Financial Econometrics',3,'ECON'),(298,5251,'The Economic Setting for Development',3,'ECON'),(299,5252,'Economic Development in Middle East Countries',3,'ECON'),(300,5254,'Economic Growth & Development',3,'ECON'),(301,5256,'Ethical Issues in Development',3,'ECON'),(302,5257,'Economic Strategies for Sustainable Development',3,'ECON'),(303,5259,'Research Practicum',3,'ECON'),(304,5261,'Mathematical Economics',3,'ECON'),(305,5271,'Labor Economics',3,'ECON'),(306,5281,'Time Series Econometrics',3,'ECON'),(307,5282,'Quantitative Methods',3,'ECON'),(308,5291,'An Advanced History of Economic Thought',3,'ECON'),(309,5299,'Advanced Topics in Economics',3,'ECON'),(310,4690,'Bioinformatics Capstone Seminar I',1,'BIOL'),(311,4691,'Bioinformatics Capstone Seminar II',2,'BIOL'),(312,4910,'Guided Studies in Biology',NULL,'BIOL'),(313,4930,'Selected Topics in Biology',NULL,'BIOL'),(314,4980,'Senior Research Thesis',1,'BIOL'),(315,4981,'Seminar in Biology',2,'BIOL'),(316,5201,'Biochemistry',3,'BIOT'),(317,5202,'Cell and Molecular Biology',3,'BIOT'),(318,5203,'Biotechnology',3,'BIOT'),(319,5204,'Experimental Biotechnology',3,'BIOT'),(320,5205,'Basics of Bioentrepreneurship',3,'BIOT'),(321,5206,'Fundamentals of Bioinformatics',3,'BIOT'),(322,5207,'Molecular Diagnosis',3,'BIOT'),(323,5208,'Molecular Genetics',3,'BIOT'),(324,5210,'Microbial Biotechnology',3,'BIOT'),(325,5211,'Bioengineering',3,'BIOT'),(326,5271,'Bionanotechnology',3,'BIOT'),(327,5910,'Independent Study In Biotechnology',3,'BIOT'),(328,5930,'Selected Topics in Biotechnology',3,'BIOT'),(329,5980,'Research Guidance and Thesis',6,'BIOT'),(330,6204,'Model Systems in Cancer Research',3,'BIOT'),(331,6206,'Computational Genomics and Transcriptomics',3,'BIOT'),(332,6207,'Systems and Computational Biology',3,'BIOT'),(333,6930,'Current Topics in Biotechnology',3,'BIOT'),(334,6931,'Reading and Conference Course',3,'BIOT'),(335,6980,'Research Guidance Dissertation',3,'BIOT'),(336,2001,'Introduction to Business',3,'BADM'),(337,3002,'International Business',3,'BADM'),(338,3003,'Business Environment and Ethics',3,'BADM'),(339,4001,'Business Planning and Strategy',3,'BADM'),(340,4900,'Graduation Project',3,'BADM'),(341,4999,'Internship and Assessment',0,'BADM'),(342,5310,'Strategic Management',3,'BADM'),(343,5370,'Business Seminar and Contemporary Topics in Management',3,'BADM'),(344,5401,'Business Consultancy',3,'BADM'),(345,4000,'Experiential Learning : CO-OP',3,'BUSC'),(346,4101,'Modern Standard Arabic',4,'AIAS'),(347,4301,'Egyptian Colloquial Arabic',4,'AIAS'),(348,5121,'Reading, Writing And Vocabulary Building',5,'AIAS'),(349,5151,'Listening And Speaking',3,'AIAS'),(350,5152,'Academic Listening and Speaking',3,'AIAS'),(351,5201,'Advanced Translation',3,'AIAS'),(352,5261,'Advanced Media',3,'AIAS'),(353,5271,'Advanced Writing',3,'AIAS'),(354,5301,'Egyptian Colloquial Arabic',3,'AIAS'),(355,5411,'Advanced Egyptian Colloquial Arabic',3,'AIAS'),(356,5601,'CASA Students without Boarders',3,'AIAS'),(357,5991,'Selected Topics in Arabic',3,'AIAS'),(358,1003,'Chemistry and Society',3,'CHEM'),(359,1004,'Man and the Environment',3,'CHEM'),(360,1005,'General Chemistry I',3,'CHEM'),(361,1006,'General Chemistry II',3,'CHEM'),(362,1015,'General Chemistry Laboratory',1,'CHEM'),(363,1016,'General Chemistry Laboratory',1,'CHEM'),(364,1930,'Selected Topic for Core Curriculum',3,'CHEM'),(365,2001,'Egypt Water Crisis: Challenges and Solutions',3,'CHEM'),(366,2003,'Organic Chemistry I',3,'CHEM'),(367,2005,'Environmental Analytical Chemistry',3,'CHEM'),(368,2006,'Analytical Chemistry I',2,'CHEM'),(369,2007,'Chemical Industries',3,'CHEM'),(370,2020,'Introduction to Food Science and Technology',3,'CHEM'),(371,3002,'Archaeological Chemistry I',3,'CHEM'),(372,3003,'Thermodynamics',3,'CHEM'),(373,3004,'Physical Chemistry I',3,'CHEM'),(374,3005,'Principles of Chemical Modeling',3,'CHEM'),(375,3006,'Organic Chemistry II',3,'CHEM'),(376,3009,'Inorganic Chemistry I',3,'CHEM'),(377,3010,'Organic Chemistry I Laboratory',1,'CHEM'),(378,3011,'Analytical Chemistry II',3,'CHEM'),(379,3013,'Thermodynamics Laboratory',1,'CHEM'),(380,3014,'Physical Chemistry I Laboratory',1,'CHEM'),(381,3015,'Biochemistry',3,'CHEM'),(382,3016,'Organic Chemistry II Laboratory',1,'CHEM'),(383,3018,'Inorganic Chemistry Laboratory',1,'CHEM'),(384,3020,'Food Chemistry',3,'CHEM'),(385,3025,'Clinical Chemistry I',3,'CHEM'),(386,3522,'Production Basics for Chemical Industries',3,'CHEM'),(387,3910,'Guided Studies in Environmental Sciences',3,'CHEM'),(388,3940,'Seminar in Science and Technology',1,'CHEM'),(389,4003,'Physical Chemistry II',3,'CHEM'),(390,4004,'Physical Chemistry III',3,'CHEM'),(391,4006,'Organic Chemistry III',3,'CHEM'),(392,4007,'Food Processing and Preservation',3,'CHEM'),(393,4008,'Inorganic Chemistry II',3,'CHEM'),(394,4013,'Physical Chemistry II Laboratory',1,'CHEM'),(395,4016,'Organic Syntheses',2,'CHEM'),(396,4025,'Clinical Chemistry II',3,'CHEM'),(397,4030,'Advanced Practical Organic Chemistry',3,'CHEM'),(398,4035,'Advanced Organic Chemistry',3,'CHEM'),(399,4040,'Molecular Symmetry and Applications',3,'CHEM'),(400,4524,'Polymer Chemistry and Technology',3,'CHEM'),(401,4910,'Independent Study',NULL,'CHEM'),(402,4930,'Selected Topics in Chemistry',NULL,'CHEM'),(403,4980,'Senior Thesis I',1,'CHEM'),(404,4981,'Senior Thesis II',2,'CHEM'),(405,5200,'Environmental Physical Chemistry',3,'CHEM'),(406,5201,'Biochemistry',3,'CHEM'),(407,5202,'Organometallics',3,'CHEM'),(408,5203,'Advanced Organic Chemistry',3,'CHEM'),(409,5204,'Methods of Structure Determination',3,'CHEM'),(410,5205,'Nanochemistry',3,'CHEM'),(411,5206,'Advanced Food Chemistry',3,'CHEM'),(412,5211,'Applied Food Microbiology',3,'CHEM'),(413,5212,'Food Safety Assurance',3,'CHEM'),(414,5213,'Food Packaging',3,'CHEM'),(415,5214,'Nutritional Evaluation of Food during Processing',3,'CHEM'),(416,5215,'Food Additives, Contaminants and Legislation',3,'CHEM'),(417,5216,'Food Fermentation',3,'CHEM'),(418,5217,'Sensory Evaluation of Food Products',3,'CHEM'),(419,5218,'Functional Foods and Nutraceuticals',3,'CHEM'),(420,5219,'Food Analysis',3,'CHEM'),(421,5220,'Life Cycle Nutrition',3,'CHEM'),(422,5221,'Nutrition & Diseases',3,'CHEM'),(423,5222,'Clinical Nutrition',3,'CHEM'),(424,5241,'The Chemistry of Nanostructures',3,'CHEM'),(425,5242,'Nanoelectrochemistry',3,'CHEM'),(426,5910,'Independent Study in Chemistry',3,'CHEM'),(427,5930,'Selected Topics in Chemistry',3,'CHEM'),(428,5980,'Research Guidance and Thesis',6,'CHEM'),(429,6103,'Bioseparation Processes for Food and Pharmaceutical Industries',3,'CHEM'),(430,6105,'Principles and Applications of Mass Spectrometry',3,'CHEM'),(431,6107,'Chemistry of Natural and Synthetic Polymers',3,'CHEM'),(432,6240,'Nanoporous Materials',3,'CHEM'),(433,6910,'Independent Study in Chemistry',3,'CHEM'),(434,6930,'Advanced Selected Topics in Chemistry',3,'CHEM'),(435,6980,'Research Guidance Dissertation',3,'CHEM'),(436,1005,'Science and Technology of Ancient Egypt',3,'SCI'),(437,1009,'Exploration of the Universe',3,'SCI'),(438,1015,'General Science Laboratory',1,'SCI'),(439,1020,'Scientific Thinking',3,'SCI'),(440,1930,'Selected Topic for Core Curriculum',3,'SCI'),(441,2004,'Chemistry, Art and Archaeology',3,'SCI'),(442,2005,'Introduction to Geology',3,'SCI'),(443,2006,'Environmental Geology',3,'SCI'),(444,2015,'Introduction to Geology Lab',1,'SCI'),(445,3002,'Science, Technology and the Environment',3,'SCI'),(446,4005,'Geology of Raw Materials',3,'SCI'),(447,5940,'Graduate Thesis Seminar',3,'SCI'),(448,2096,'Selected Topics for the Core Curriculum in Global Studies',3,'CREL'),(449,2097,'Selected Topics for the Core Curriculum in Arab World Studies',3,'CREL'),(450,2099,'Selected Topics for Core Curriculum',3,'CREL'),(451,2601,'Dimensions of the Sacred: Exploring Religious Experience',3,'CREL'),(452,2603,'Religions of the World',3,'CREL'),(453,2605,'The Quest for the Historical Jesus',3,'CREL'),(454,2606,'Hinduism and Buddhism in India',3,'CREL'),(455,2607,'Pilgrimage Traditions in the World\'s Religions',3,'CREL'),(456,3209,'Zionism and Modern Judaism',3,'CREL'),(457,3608,'Masters, Saints, and Saviors: Sacred Biography in the World\'s Religions',3,'CREL'),(458,5609,'World Religions and the Study of Religion',3,'CREL'),(459,1000,'Introduction to Computers and their Applications',3,'CSCE'),(460,1001,'Fundamentals of Computing I',3,'CSCE'),(461,1101,'Fundamentals of Computing II',3,'CSCE'),(462,1102,'Fundamentals of Computing II Lab',1,'CSCE'),(463,2201,'Data Structure & Algorithms',3,'CSCE'),(464,2202,'Analysis and Design of Algorithms',3,'CSCE'),(465,2203,'Analysis and Design of Algorithms Lab',1,'CSCE'),(466,2301,'Digital Design I',3,'CSCE'),(467,2302,'Digital Design I Lab',1,'CSCE'),(468,2303,'Computer Organization and Assembly Language Programming',3,'CSCE'),(469,2501,'Fundamentals of Database Systems',3,'CSCE'),(470,2502,'Information Technology',3,'CSCE'),(471,3101,'Programming Language',NULL,'CSCE'),(472,3102,'Programming in Java',3,'CSCE'),(473,3103,'Object Oriented Programming',3,'CSCE'),(474,3104,'Concepts of Programming Languages',3,'CSCE'),(475,3301,'Computer Architecture',3,'CSCE'),(476,3302,'Computer Architecture Lab',1,'CSCE'),(477,3303,'Fundamental Microelectronics',3,'CSCE'),(478,3304,'Digital Design II',3,'CSCE'),(479,3311,'Data and Computer Communications',3,'CSCE'),(480,3312,'Computer Networks',3,'CSCE'),(481,3313,'Computer Networks Lab',1,'CSCE'),(482,3401,'Operating Systems',3,'CSCE'),(483,3402,'Operating Systems Lab',1,'CSCE'),(484,3421,'Fundamentals of Computing and Communication Systems',3,'CSCE'),(485,3422,'Introduction to Information Security',3,'CSCE'),(486,3601,'Fundamentals of Artificial Intelligence',3,'CSCE'),(487,3611,'Digital Signal Processing',3,'CSCE'),(488,3701,'Software Engineering',3,'CSCE'),(489,4101,'Compiler Design',3,'CSCE'),(490,4201,'Theory of Computing',3,'CSCE'),(491,4301,'Embedded Systems',3,'CSCE'),(492,4302,'Embedded Systems Lab',1,'CSCE'),(493,4313,'Local and Metropolitan Area Networks',3,'CSCE'),(494,4314,'Local Area Networks Lab',1,'CSCE'),(495,4411,'Fundamentals of Distributed Systems',3,'CSCE'),(496,4421,'Computer Security',3,'CSCE'),(497,4501,'Database Systems',3,'CSCE'),(498,4502,'Design of Web-based Systems',3,'CSCE'),(499,4503,'Internet-based Information Systems',3,'CSCE'),(500,4602,'Introduction to Artificial Neural Networks',3,'CSCE'),(501,4603,'Fundamentals of Computer Vision',3,'CSCE'),(502,4604,'Practical Machine Deep Learning',3,'CSCE'),(503,4621,'Computer Graphics',3,'CSCE'),(504,4701,'Object-Oriented Analysis and Design',3,'CSCE'),(505,4702,'Secure Systems Engineering',3,'CSCE'),(506,4910,'Guided Studies in Computer Science and Engineering',NULL,'CSCE'),(507,4930,'Selected Topics in Computer Science and Engineering',NULL,'CSCE'),(508,5220,'Fieldwork in Islamic Architecture',3,'ARIC'),(509,5221,'Seminar on the Architecture of a Selected Period',3,'ARIC'),(510,5230,'Seminar on a Selected Topic in Medieval Arab/Islamic History, 600-1800 A.D.',3,'ARIC'),(511,5231,'Seminar on the Nineteenth-Century Middle East',3,'ARIC'),(512,5232,'Seminar on the Twentieth-Century Middle East',3,'ARIC'),(513,5240,'Seminar on Selected Topics in Qur\'anic Studies',3,'ARIC'),(514,5241,'Seminar on Selected Topics in Sira or Hadith',3,'ARIC'),(515,5242,'Seminar on Selected Topics in Islamic Law and Legal Theory',3,'ARIC'),(516,5243,'Selected Topics in Islamic Theology, Sufism or Philosophy',3,'ARIC'),(517,5244,'Selected Topics in Islamic Studies',3,'ARIC'),(518,5245,'World Religions and the Study of Religion',3,'ARIC'),(519,5299,'Research Guidance and Thesis',0,'ARIC'),(520,1010,'Eye on Press',3,'ALNG'),(521,1020,'Arabic in Context',3,'ALNG'),(522,1501,'Accelerated Elementary Modern Standard Arabic',6,'ALNG'),(523,1502,'Accelerated High Elementary and Lower Iintermediate Modern Standard Arabic',6,'ALNG'),(524,1991,'Selected Topics',3,'ALNG'),(525,2010,'Current Issues and Egyptian Society',3,'ALNG'),(526,2131,'Arabic of the News Media',3,'ALNG'),(527,2301,'Intermediate Egyptian Colloquial Arabic (ECA)',3,'ALNG'),(528,2991,'Selected Topics',3,'ALNG'),(529,3105,'Independent Study',3,'ALNG'),(530,3131,'Advanced Arabic of the News Media',3,'ALNG'),(531,3327,'Egyptian culture on Film',3,'ALNG'),(532,3912,'Learning Arabic through Community Engagement',3,'ALNG'),(533,3991,'Selected Topics',3,'ALNG'),(534,4221,'Arabic Morphology (Sarf) and Prosody (\'Arud)',3,'ALNG'),(535,4281,'Linguistics of Arabic',3,'ALNG'),(536,4291,'The Phonetics of Arabic',3,'ALNG'),(537,3919,'Arabic through Translation: A course in Bilingual Awareness',3,'ALWT'),(538,2221,'Applied Morphology',NULL,'ALIN'),(539,2411,'Introduction to Egyptian Culture - Intermediate',NULL,'ALIN'),(540,3411,'Introduction to Egyptian Culture - Advanced',NULL,'ALIN'),(541,2251,'Readings in Modern Arabic Literature',NULL,'ALIN'),(542,3251,'Readings in Modern Arabic Literature',3,'ALIN'),(543,2251,'Readings in Modern Arabic Literature',1,'ALIS'),(544,3251,'Readings in Modern Arabic Literature',1,'ALIS'),(545,1511,'Free-hand Representation for Architects',3,'ARCH'),(546,1521,'Digital Representation Tools for Architects',2,'ARCH'),(547,1561,'Architecture: Art or Engineering',3,'ARCH'),(548,2211,'History and Philosophy of Modern and Contemporary Architecture',3,'ARCH'),(549,2221,'Human Aspects in Architectural Design',3,'ARCH'),(550,2231,'Environmental Control Systems and Sustainable Design',3,'ARCH'),(551,2411,'Surveying for Architects',1,'ARCH'),(552,2512,'Foundations of 3-Dimensional Design',3,'ARCH'),(553,2551,'Introduction to Architectural Design',3,'ARCH'),(554,2552,'Architectural Design Studio I',4,'ARCH'),(555,3311,'Detail Design and Finishes in Buildings',3,'ARCH'),(556,3321,'Building Service Systems and Building Systems Integration',3,'ARCH'),(557,3331,'Construction Materials and Quality Control',4,'ARCH'),(558,3522,'Digital Design Studio and Workshop',3,'ARCH'),(559,3531,'Housing Design and Geographic Information Systems',3,'ARCH'),(560,3553,'Architectural Design Studio II',4,'ARCH'),(561,3554,'Architectural Design Studio III',4,'ARCH'),(562,3562,'Introduction to Architectural Engineering',3,'ARCH'),(563,3950,'Internship in Construction Projects',0,'ARCH'),(564,4312,'Design Development and Construction Documents',3,'ARCH'),(565,4421,'Professional Practice, Design Management and Codes',2,'ARCH'),(566,4532,'Urban Design and Landscape Architecture',4,'ARCH'),(567,4541,'Introduction to Interior Design',3,'ARCH'),(568,4555,'Architectural Design 4',4,'ARCH'),(569,4557,'Architectural Design Studio VI Design Studio Contextual',4,'ARCH'),(570,4558,'Architectural Design Studio VIII Design Studio High Tech',4,'ARCH'),(571,4561,'Vertical Design Studio A',5,'ARCH'),(572,4562,'Vertical Design Studio B',5,'ARCH'),(573,4570,'Senior Design Studio',5,'ARCH'),(574,4801,'Human and Environmental Studies Theory and Dissertation',2,'ARCH'),(575,4802,'Tectonics and Computational Design Theory and Dissertation',2,'ARCH'),(576,4803,'Architecture and Urban Heritage Theory and Dissertation',2,'ARCH'),(577,4920,'Special Problems in Architectural Engineering',NULL,'ARCH'),(578,4930,'Selected Topics in Architectural Engineering',3,'ARCH'),(579,4931,'Introduction to Urban and Architecture Conservation',3,'ARCH'),(580,4932,'Sustainable Landscape architecture in Hot an Arid Environments',3,'ARCH'),(581,4933,'Vernacular Architecture',3,'ARCH'),(582,4934,'Cairo in the Curriculum, The Urban Laboratory: Mapping Cairo\'s Complexities',3,'ARCH'),(583,4935,'Coptic Art and Architecture',3,'ARCH'),(584,4936,'Design of Interior Spaces',3,'ARCH'),(585,4937,'Seminar on Contemporary Architecture Discourse',3,'ARCH'),(586,4938,'Urban Dialogues on Heritage and Space',3,'ARCH'),(587,4939,'Advanced Architectural Computing',3,'ARCH'),(588,4951,'Internship in Technical Drawing and Design',1,'ARCH'),(589,4971,'Selected Topics in Human and Environmental Studies of Architectural Engineering',3,'ARCH'),(590,4972,'Selected Topics in Tectonics and Computational Design of Architectural Engineering',3,'ARCH'),(591,4973,'Selected Topics in Architecture and Urban Heritage Design',3,'ARCH'),(592,4980,'Senior Project I',2,'ARCH'),(593,4981,'Senior Project',5,'ARCH'),(594,5201,'Philosophy & Theory of Architecture',3,'ARCH'),(595,5202,'Critical Thinking in Architectural Design',3,'ARCH'),(596,5221,'Research Methods in Architecture',3,'ARCH'),(597,5290,'Research Guidance Thesis',3,'ARCH'),(598,1010,'Introduction to Life Sciences',4,'BIOL'),(599,1011,'Introductory Biology I',4,'BIOL'),(600,1012,'Introductory Biology II',4,'BIOL'),(601,1040,'Essentials of Environmental Biology',3,'BIOL'),(602,1098,'Fundamentals of Neurosciences',4,'BIOL'),(603,1410,'Current Health Issues',4,'BIOL'),(604,1930,'Selected Topic for Core Curriculum',3,'BIOL'),(605,2090,'Quantitative Biology',4,'BIOL'),(606,2150,'Genetics',4,'BIOL'),(607,2230,'Molecular and Cell Biology',4,'BIOL'),(608,2320,'Biophysics',4,'BIOL'),(609,2340,'General Botany',4,'BIOL'),(610,3040,'Environmental Biology for Engineers',3,'BIOL'),(611,3130,'Molecular Evolution and Population Genetics',4,'BIOL'),(612,3280,'Biochemistry',3,'BIOL'),(613,3310,'Microbiology',4,'BIOL'),(614,3326,'Vertebrate Anatomy and Physiology',4,'BIOL'),(615,3340,'Invertebrate Zoology',4,'BIOL'),(616,3341,'Animal Behavior',4,'BIOL'),(617,3360,'Animal Physiology',4,'BIOL'),(618,3370,'Developmental Biology',4,'BIOL'),(619,3510,'Ecology',4,'BIOL'),(620,3540,'Environmental Biology',4,'BIOL'),(621,3541,'Environmental Biology of the Red Sea',4,'BIOL'),(622,3542,'GIS For Biologists',4,'BIOL'),(623,3600,'Introduction to Bioinformatics',3,'BIOL'),(624,3601,'Bioinformatics Tools and Techniques',3,'BIOL'),(625,3910,'Guided Studies in Environmental Sciences',3,'BIOL'),(626,4150,'Molecular Biology of the Gene',4,'BIOL'),(627,4230,'Immunology',4,'BIOL'),(628,4330,'Tumor Biology',4,'BIOL'),(629,4540,'Marine Ecology',4,'BIOL'),(630,4541,'Desert Ecology',4,'BIOL'),(631,5322,'Language Pragmatics',3,'APLN'),(632,5323,'Discourse of Analysis for Language Teachers',3,'APLN'),(633,5330,'Language Transfer, Contrastive Analysis, and Error Analysis',3,'APLN'),(634,5331,'Sociolinguistics',3,'APLN'),(635,5332,'Intercultural Communication',3,'APLN'),(636,5370,'Selected Topics in Applied  Linguistics',NULL,'APLN'),(637,5371,'Supervised Study in TESOL',3,'APLN'),(638,5397,'Methods of TESOL II',3,'APLN'),(639,5398,'Comprehensives',0,'APLN'),(640,5399,'Research Guidance and Thesis',0,'APLN'),(641,3310,'Linguistic Fieldwork',3,'LING'),(642,3340,'Language Assessment',3,'LING'),(643,1099,'Selected Topics for Core Curriculum',3,'ARIC'),(644,1101,'Children\'s Literature and Cultural Representations',3,'ARIC'),(645,1102,'Passionate Love in Arabic and World Literatures',3,'ARIC'),(646,1300,'Arabs and Muslims Encountering the Other',3,'ARIC'),(647,2096,'Selected Topics for the Core Curriculum in International/World Studies',3,'ARIC'),(648,2097,'Selected Topics for the Core Curriculum in Arab World Studies',3,'ARIC'),(649,2099,'Selected Topics for the Core Curriculum in Humanities',3,'ARIC'),(650,2101,'Introduction to Classical Arabic Literature',3,'ARIC'),(651,2102,'Introduction to Modern Arabic Literature',3,'ARIC'),(652,2103,'Classical Arabic Literature in Translation',3,'ARIC'),(653,2104,'Modern Arabic Literature in Translation',3,'ARIC'),(654,2205,'The World of Islamic Architecture, from the Beginnings to the Present Day',3,'ARIC'),(655,2206,'The City of Cairo',3,'ARIC'),(656,2346,'Survey of Arab History',3,'ARIC'),(657,3020,'Introduction to Sufism',3,'ARIC'),(658,3097,'Selected Themes and Topics in Arabic Literature',3,'ARIC'),(659,3098,'Selected Topics in Islamic Studies',3,'ARIC'),(660,3104,'Arabic Literature and Gender',3,'ARIC'),(661,3106,'Arabic Literature and Film',3,'ARIC'),(662,3107,'The Writer and the State',3,'ARIC'),(663,3108,'Colloquial and Folk Literature',3,'ARIC'),(664,3114,'The Arabic Novel',3,'ARIC'),(665,3115,'Arabic Drama',3,'ARIC'),(666,3116,'The Arabic Short Story',3,'ARIC'),(667,3197,'Selected Themes and Topics in Arabic Literature in Translation',3,'ARIC'),(668,3267,'Arts of the Loom: Carpets and Textiles of the Islamic World',3,'ARIC'),(669,3268,'The Art of the Book in the Islamic World',3,'ARIC'),(670,3269,'The Arts of Fire: Ceramics and Glass of the Islamic World',3,'ARIC'),(671,3270,'The Age of Transition: Early Islamic Art and the Pre-Islamic Past',3,'ARIC'),(672,3271,'Building for Islam: Architecture of the Early Caliphates in Egypt and Syria',3,'ARIC'),(673,3272,'Building the Sultanate: Architecture under the Ayyubids and Mamluks in Egypt and Syria',3,'ARIC'),(674,3273,'Building Under Empire: Ottoman-Period Architecture in Egypt and Syria',3,'ARIC'),(675,3319,'Islamic Spain and North Africa (711-1492 A.D.)',3,'ARIC'),(676,3321,'Zawiyas, Harems, Coffee shops, Everyday Life in the Pre-Modern Mideast',3,'ARIC'),(677,3322,'Land, Trade and Power: a History of Economic Relations in the Middle East, 600-1800 A.D.',3,'ARIC'),(678,3323,'Marriage and the Family in the Medieval and Early Modern Middle East',3,'ARIC'),(679,3324,'Non-Muslim Communities in the Muslim World',3,'ARIC'),(680,3325,'Beggars, Madmen, Prostitutes: the Marginalized in Pre-Modern Mideast History.',3,'ARIC'),(681,3336,'Studies in Ibn Khaldun',3,'ARIC'),(682,3337,'Shi\'i Muslims in History',3,'ARIC'),(683,3343,'Birth of Muslim Community and Rise of the Arab Caliphates',3,'ARIC'),(684,3344,'Caliphs and Sultans in the Age of Crusades and Mongols',3,'ARIC'),(685,3345,'Gunpowder Empires: Ottomans, Safavids and Mughols',3,'ARIC'),(686,3346,'Egypt since the Arab Conquest',3,'ARIC'),(687,3353,'Muslim Political Thought',3,'ARIC'),(688,3355,'State and Society in the Middle East, 1699-1914',3,'ARIC'),(689,3356,'State and Society in the Middle East, 1906-present',3,'ARIC'),(690,3397,'Selected topic in Middle East History',3,'ARIC'),(691,3405,'Islamic Philosophy',3,'ARIC'),(692,3435,'Introduction to the Study of Islam',3,'ARIC'),(693,5100,'Independent Study',NULL,'ARIC'),(694,5101,'Selected Topics in the History of Islamic Thought and Institutions',3,'ARIC'),(695,5102,'Cairo in the Cultural Imaginary',3,'ARIC'),(696,5103,'Source - Criticism and Classical Arabic Literature',3,'ARIC'),(697,5110,'Senior Seminar in Arabic Texts',3,'ARIC'),(698,5111,'Senior Seminar in Arabic Literature in Translation',3,'ARIC'),(699,5112,'Arabic Literary Criticism',3,'ARIC'),(700,5113,'Sira and Hadith',3,'ARIC'),(701,5114,'Special Studies in Arabic Texts',3,'ARIC'),(702,5117,'Translation: Theory and Practice',3,'ARIC'),(703,5118,'Translation and The Arab \"Renaissance\"',3,'ARIC'),(704,5121,'Islamic Art and Architecture in India and Pakistan',3,'ARIC'),(705,5124,'Islamic Architecture in Spain and North Africa',3,'ARIC'),(706,5127,'Selected Topics in Islamic Art and Architecture',3,'ARIC'),(707,5130,'Poetry for Historians',3,'ARIC'),(708,5131,'Arabic Historical Literature',3,'ARIC'),(709,5132,'Selected Topics in Coptic Studies',3,'ARIC'),(710,5133,'Islamic Institutions',3,'ARIC'),(711,5134,'Modern Movements in Islam',3,'ARIC'),(712,5135,'Selected Topics in Middle Eastern History, 600-1800 AD',3,'ARIC'),(713,5136,'Selected Topics in the History of the Modern Middle East',3,'ARIC'),(714,5137,'International Trade 1000 - 1700: Egypt and the Mediterranean - Red Sea Trade',3,'ARIC'),(715,5141,'Studies in the Qur\'an',3,'ARIC'),(716,5142,'Islamic Law',3,'ARIC'),(717,5150,'On Display: Collecting and Exhibiting Art of the Islamic World',3,'ARIC'),(718,5151,'Heritage Management and Architectural Conservation in Cairo: Theory and Practice',3,'ARIC'),(719,5200,'Independent Study and Readings',3,'ARIC'),(720,5201,'Bibliography and Manuscript Study',3,'ARIC'),(721,5210,'Seminar on a Selected Work or Author in Classical Arabic Literature',3,'ARIC'),(722,5211,'Seminar on Modern Arabic Literature: Nineteenth Century',3,'ARIC'),(723,5212,'Seminar on Modern Arabic Literature: Twentieth Century',3,'ARIC'),(724,5219,'Internship in Arabic and Islamic Studies',3,'ARIC'),(725,4950,'Industrial Training',1,'CSCE'),(726,4980,'Senior Project I',1,'CSCE'),(727,4981,'Senior Project II',2,'CSCE'),(728,5221,'Algorithms and Complexity Theory',3,'CSCE'),(729,5222,'Design and Analysis of Parallel Algorithms',3,'CSCE'),(730,5231,'Advanced Processor Architecture',3,'CSCE'),(731,5232,'Advanced Network Modelling',3,'CSCE'),(732,5241,'Distributed Systems',3,'CSCE'),(733,5242,'Parallel Computer Architecture',3,'CSCE'),(734,5243,'Information and System Security',3,'CSCE'),(735,5245,'Embedded Real-Time Systems',3,'CSCE'),(736,5261,'Advanced Artificial Intelligence',3,'CSCE'),(737,5262,'Neural Networks and Genetic Algorithms',3,'CSCE'),(738,5263,'Knowledge Engineering',3,'CSCE'),(739,5264,'Natural Language Processing and Machine Translation',3,'CSCE'),(740,5265,'Web Mining',3,'CSCE'),(741,5266,'Computer Vision',3,'CSCE'),(742,5267,'Digital Image Processing',3,'CSCE'),(743,5268,'Computer Graphics and Animation',3,'CSCE'),(744,5269,'Pattern Analysis',3,'CSCE'),(745,5271,'Advanced Software Engineering',3,'CSCE'),(746,5272,'Advanced Software Quality',3,'CSCE'),(747,5910,'Independent Studies in Computer Science and Engineering',NULL,'CSCE'),(748,5930,'Selected Topics in Computer Science and Engineering',3,'CSCE'),(749,5940,'Seminar',1,'CSCE'),(750,5980,'Capstone Project in Computing',3,'CSCE'),(751,5981,'Graduate Thesis',3,'CSCE'),(752,6231,'Mobile and Pervasive Computing',3,'CSCE'),(753,6261,'Advanced Data Mining',3,'CSCE'),(754,6930,'Advanced Selected Topics in Computer Science',3,'CSCE'),(755,6980,'Research Guidance Dissertation',3,'CSCE'),(756,2251,'Drawing for Construction Engineering and Architecture',1,'CENG'),(757,2311,'Construction Surveying',3,'CENG'),(758,3011,'Electrical and Mechanical Systems for Construction Engineering',4,'CENG'),(759,3111,'Structural Analysis',4,'CENG'),(760,3112,'Structural Analysis and Design Principles for Architects',3,'CENG'),(761,3151,'Structural Design for Architects I',3,'CENG'),(762,3152,'Structural Design for Architects II',3,'CENG'),(763,3153,'Structural Design',4,'CENG'),(764,3211,'Construction Materials and Quality Control I',4,'CENG'),(765,3312,'Geology for Engineers',2,'CENG'),(766,3511,'Fundamentals of Hydraulic Engineering',3,'CENG'),(767,4113,'Structural Mechanics',3,'CENG'),(768,4154,'Advanced Design of Reinforced and Prestressed Concrete Structures',3,'CENG'),(769,4155,'Steel and Concrete Bridges',3,'CENG'),(770,4157,'Tall Buildings and Large Span Structures',3,'CENG'),(771,4158,'Structural Systems and Advanced Design',3,'CENG'),(772,4212,'Construction Materials and Quality Control II',3,'CENG'),(773,4252,'Methods and Equipment for Construction I',3,'CENG'),(774,4253,'Methods and Equipment for Construction II',2,'CENG'),(775,4313,'Soil Mechanics',4,'CENG'),(776,4314,'Design and Construction of Foundations and Retaining Structures',3,'CENG'),(777,4315,'Applications in Geotechnical Engineering',3,'CENG'),(778,4351,'Transportation Engineering',3,'CENG'),(779,4352,'Highway Facilities',3,'CENG'),(780,4410,'Introduction to Construction Management and Cost Estimating',3,'CENG'),(781,4420,'Construction Project Specifications, Bids, and Contracts',3,'CENG'),(782,4430,'Risk Management and Bidding Strategies',3,'CENG'),(783,4440,'Techniques of Planning, Scheduling and Control',3,'CENG'),(784,4450,'Design, Modeling and Simulation of Construction Systems',3,'CENG'),(785,4460,'Financial Management and Accounting for Construction',3,'CENG'),(786,4470,'Contract Administration',3,'CENG'),(787,4551,'Environmental and Sanitary Engineering',3,'CENG'),(788,4552,'Design of Water Resources Systems',3,'CENG'),(789,4553,'Unit Operations in Environmental Engineering',3,'CENG'),(790,4554,'Computer-aided design and construction of environmental and sanitary systems',3,'CENG'),(791,4555,'Solid and Hazardous Wastes Engineering',3,'CENG'),(792,4556,'Design of water and wastewater treatment plants',3,'CENG'),(793,4557,'Functional design and construction of tunnels and bridges',3,'CENG'),(794,4911,'Selected Topics in Construction Engineering',3,'CENG'),(795,4921,'Special Problems in Construction Engineering',NULL,'CENG'),(796,4951,'Practical Training',1,'CENG'),(797,4980,'Senior Project I',1,'CENG'),(798,4981,'Senior Project II',2,'CENG'),(799,5121,'Assessment, Protection and Repair of Structures',3,'CENG'),(800,5151,'Advanced Design of Steel and Composite Structures',3,'CENG'),(801,5152,'Advanced Composite Materials in Infrastructure Applications',3,'CENG'),(802,5210,'The Finite Element Method in Structural Engineering',3,'CENG'),(803,5220,'Advanced Construction and Building Materials',3,'CENG'),(804,5225,'Advanced Systems Analysis for Construction Engineering',3,'CENG'),(805,5226,'Methods and Equipment for Construction',3,'CENG'),(806,5227,'Advanced Systems for Construction',3,'CENG'),(807,5241,'Infrastructure Asset Management',3,'CENG'),(808,5242,'Simulation Applications in Construction',3,'CENG'),(809,5243,'Construction Leadership and Management Skills',3,'CENG'),(810,5244,'Advanced Construction Management',3,'CENG'),(811,5245,'Claims and Disputes in the Construction Industry',3,'CENG'),(812,5246,'Techniques of Planning, Scheduling and Control',3,'CENG'),(813,5247,'Resource Management for Construction Projects',3,'CENG'),(814,5261,'Contracts in Construction Industry',3,'CENG'),(815,5262,'Construction Management',3,'CENG'),(816,5263,'Planning, Scheduling and Control',3,'CENG'),(817,5264,'Management for Multi-National Environments',3,'CENG'),(818,5265,'Risk Management and Bidding Strategies',3,'CENG'),(819,5266,'Claims and Disputes in the Construction Industry',3,'CENG'),(820,5267,'Systems Analysis for Construction',3,'CENG'),(821,5268,'Resource Management for Construction Projects',3,'CENG'),(822,5269,'Procurement of Assets & Services for Construction Projects',3,'CENG'),(823,5290,'Research Guidance Thesis',3,'CENG'),(824,5291,'Independent Study in Construction Engineering',3,'CENG'),(825,5992,'Thesis',3,'EGPT'),(826,1501,'Exploring Electrical Engineering',1,'ECNG'),(827,1502,'Programming Elements for Electrical Engineering',3,'ECNG'),(828,2101,'Digital Logic Design',3,'ECNG'),(829,2105,'Circuit Analysis I',3,'ECNG'),(830,2106,'Circuit Analysis II',3,'ECNG'),(831,2108,'Digital Logic Design Lab',1,'ECNG'),(832,2109,'Circuit Analysis Lab',1,'ECNG'),(833,3105,'Electronics I: Basic Electronic Devices & Circuits',3,'ECNG'),(834,3106,'Electronics II: Analog Circuits',3,'ECNG'),(835,3108,'VLSI Design',3,'ECNG'),(836,3109,'Electronics Lab',1,'ECNG'),(837,3201,'Signals and Systems',3,'ECNG'),(838,3202,'Automatic Control Systems',3,'ECNG'),(839,3401,'Electromagnetic Theory',3,'ECNG'),(840,3503,'Microcontroller system design',3,'ECNG'),(841,3509,'Microcontroller system design lab',1,'ECNG'),(842,3601,'Power and Machines',3,'ECNG'),(843,3801,'Technological Innovation and Product Development',2,'ECNG'),(844,4101,'Solid-State Devices',3,'ECNG'),(845,4103,'Testing of Digital Circuits',3,'ECNG'),(846,4104,'High Level Digital ASIC Design Using CAD',3,'ECNG'),(847,4105,'Integrated Circuit Fabrication: Materials and Processes',3,'ECNG'),(848,4301,'Fundamentals of Communications I',3,'ECNG'),(849,4302,'Fundamentals of Communications II',3,'ECNG'),(850,4304,'Photonics and Optical Communication Laboratory',1,'ECNG'),(851,4306,'Computer Communication Networks',3,'ECNG'),(852,4308,'Telecommunications Systems',3,'ECNG'),(853,4310,'Optical Communication Systems',3,'ECNG'),(854,4312,'Mobile Communication Systems',3,'ECNG'),(855,4314,'Communications Lab',1,'ECNG'),(856,4402,'Electromagnetic Waves',3,'ECNG'),(857,4407,'Microwave Systems',3,'ECNG'),(858,4504,'Embedded Systems for Wireless Communications',3,'ECNG'),(859,4505,'Computer Architecture',3,'ECNG'),(860,4506,'Industrial control systems',3,'ECNG'),(861,4508,'Computer Architecture Lab',1,'ECNG'),(862,4601,'Product Design and Development',3,'ECNG'),(863,4920,'Special Problems in Electronics and Communications Engineering',NULL,'ECNG'),(864,4930,'Selected Topics in Electronics and Communications Engineering',3,'ECNG'),(865,4950,'Industrial Internship',1,'ECNG'),(866,4980,'Senior Project I',1,'ECNG'),(867,4981,'Senior Project II',2,'ECNG'),(868,5210,'Advanced Solid-State Devices',3,'ECNG'),(869,5214,'Advanced ASIC Design',3,'ECNG'),(870,5216,'Analog Integrated Circuit Design',3,'ECNG'),(871,5217,'Digital Integrated Circuit Design',3,'ECNG'),(872,5218,'Advanced Integrated Circuit Design',3,'ECNG'),(873,5219,'High-Performance Integrated Circuit Modeling',3,'ECNG'),(874,5223,'Fault-Tolerant Computing and Reliability Modeling',3,'ECNG'),(875,5225,'Digital Signal Processing',3,'ECNG'),(876,5226,'Networked Control Systems Design & Applications',3,'ECNG'),(877,5230,'Probability and Stochastic Processes with Applications',3,'ECNG'),(878,5231,'Advanced Digital Communications',3,'ECNG'),(879,5233,'Wireless Communication Systems',3,'ECNG'),(880,5234,'Enabling Technologies for High Date Rate Communications',3,'ECNG'),(881,5236,'Information Theory and Coding',3,'ECNG'),(882,5238,'Advanced Computer Networks',3,'ECNG'),(883,5241,'Microwave Circuit Analysis and Design',3,'ECNG'),(884,5247,'RF and Microwave Systems',3,'ECNG'),(885,5248,'RF Integrated Circuit Design',3,'ECNG'),(886,5249,'Antennas Design and Applications',3,'ECNG'),(887,5271,'New Product Design and Development',3,'ECNG'),(888,5272,'Technology and Innovation Management',3,'ECNG'),(889,5273,'Strategic Management of Innovation',3,'ECNG'),(890,5274,'Entrepreneurship and Innovation',3,'ECNG'),(891,5910,'Graduate Independent Study',NULL,'ECNG'),(892,5930,'Advanced Topics in Electronics and Communications Engineering',3,'ECNG'),(893,6211,'Nanoscale CMOS',3,'ECNG'),(894,6219,'Design and Analysis of High-Performance Integrated Circuits',3,'ECNG'),(895,6235,'Detection, Classification, and Estimation Theory',3,'ECNG'),(896,6930,'Advanced Selected Topics in Electronics and Communications Engineering',3,'ECNG'),(897,6931,'Advanced Topics in Wireless Communications',3,'ECNG'),(898,6980,'Research Guidance Dissertation',3,'ECNG'),(899,1001,'Introduction to Engineering',1,'ENGR'),(900,1005,'Descriptive Geometry and Engineering Drawing',2,'ENGR'),(901,2102,'Engineering Mechanics I (Statics)',3,'ENGR'),(902,2104,'Engineering Mechanics II (Dynamics)',3,'ENGR'),(903,2112,'Strength and Testing of Materials',4,'ENGR'),(904,2122,'Fundamentals of Fluid Mechanics',3,'ENGR'),(905,3202,'Engineering Analysis and Computation I',3,'ENGR'),(906,3212,'General Electrical Engineering',3,'ENGR'),(907,3222,'Engineering Economy',3,'ENGR'),(908,3322,'Fundamentals of Thermofluids',3,'ENGR'),(909,3920,'Special Problems in Engineering',NULL,'ENGR'),(910,4990,'Entrepreneurial Development and Innovation',3,'ENGR'),(911,5101,'Cross Talk: Implementation Science and Engineering',3,'ENGR'),(912,5202,'Computational Methods in Engineering',3,'ENGR'),(913,5204,'Engineering Statistics',3,'ENGR'),(914,5210,'Experimental Methods in Engineering',3,'ENGR'),(915,5240,'Engineering for a Sustainable Environment',3,'ENGR'),(916,5940,'Graduate Thesis Seminar',3,'ENGR'),(917,301,'Intermediate English (for Graduates)',0,'ELIN'),(918,210,'Academic English for the Liberal Arts',0,'ENGL'),(919,310,'Effective Writing (for Graduates)',0,'ENGL'),(920,311,'Academic Reading (for Graduates)',0,'ENGL'),(921,312,'Listening and Speaking (for Graduates)',0,'ENGL'),(922,399,'Selected Topic for Core Curriculum',3,'ENGL'),(923,1099,'Selected Topics for Core Curriculum',3,'ECLT'),(924,2010,'Introduction to Literature',3,'ECLT'),(925,2011,'Survey of British Literature',3,'ECLT'),(926,2012,'Global Literature in English',3,'ECLT'),(927,2019,'Introduction to American Studies',3,'ECLT'),(928,2096,'Selected Topics for the Core Curriculum in Global Studies',3,'ECLT'),(929,2097,'Selected Topics for the Core Curriculum in Arab World Studies',3,'ECLT'),(930,2099,'Selected Topics for the Core Curriculum in Humanities',3,'ECLT'),(931,3001,'Medieval Literature',3,'ECLT'),(932,3002,'Literature of the Renaissance',3,'ECLT'),(933,3003,'Seventeenth-Century Literature',3,'ECLT'),(934,3004,'Eighteenth-Century Literature',3,'ECLT'),(935,3005,'Romanticism',3,'ECLT'),(936,3006,'Nineteenth-Century European Literature',3,'ECLT'),(937,3008,'Modern European and American Literature',3,'ECLT'),(938,3010,'American Literature to 1900',3,'ECLT'),(939,3011,'Modern American Literature',3,'ECLT'),(940,3014,'Literature and Philosophy',3,'ECLT'),(941,3030,'Literature and Cinema',3,'ECLT'),(942,3032,'World Literature',3,'ECLT'),(943,3033,'African Literature',3,'ECLT'),(944,3045,'Literature and Gender',3,'ECLT'),(945,3046,'Third World Literature',3,'ECLT'),(946,3048,'Contemporary Literature',3,'ECLT'),(947,3052,'Recurrent Themes in Literature',3,'ECLT'),(948,3053,'Modern Drama',3,'ECLT'),(949,3060,'Shakespeare',3,'ECLT'),(950,3070,'Creative Writing',3,'ECLT'),(951,3099,'Selected Topics',3,'ECLT'),(952,4009,'Greek Classics in Translation',3,'ECLT'),(953,4010,'Classics of the Ancient World',3,'ECLT'),(954,4011,'History of Literary Criticism',3,'ECLT'),(955,4012,'Modern Literary Criticism',3,'ECLT'),(956,4099,'Capstone Seminar: Selected Topics',3,'ECLT'),(957,5101,'Visual, Literary, and Critical Approaches to Gender in MENA',3,'ECLT'),(958,5106,'Greek Classics in Translation',3,'ECLT'),(959,5107,'Classics of the Ancient World',3,'ECLT'),(960,5108,'History of Literary Criticism',3,'ECLT'),(961,5109,'Modern Literary Criticism',3,'ECLT'),(962,5110,'Renaissance Writers',3,'ECLT'),(963,5112,'Seventeenth-Century Writers',3,'ECLT'),(964,5114,'Eighteenth-Century Writers',3,'ECLT'),(965,5116,'The Romantic Movement',3,'ECLT'),(966,5117,'Nineteenth-Century Writers',3,'ECLT'),(967,5123,'Modern Poets',3,'ECLT'),(968,5131,'The Modern Novel',3,'ECLT'),(969,5140,'Readings in American Literature',3,'ECLT'),(970,5142,'Readings in French Literature',3,'ECLT'),(971,5143,'Readings in British Literature',3,'ECLT'),(972,5255,'Research Methods in Literature',3,'ECLT'),(973,5288,'Comprehensives',0,'ECLT'),(974,5298,'Research Guidance and Thesis',0,'ECLT'),(975,3201,'Principles of Entrepreneurial Finance',3,'ENTR'),(976,4102,'Entrepreneurship and Innovation',3,'ENTR'),(977,4301,'Entrepreneurship Lab: Developing and Launching a New Venture',3,'ENTR'),(978,4302,'Corporate Entrepreneurship',3,'ENTR'),(979,4303,'Social Entrepreneurship',3,'ENTR'),(980,4501,'Family Business',3,'ENTR'),(981,4502,'Innovation and Technology',3,'ENTR'),(982,4503,'Digital Strategy',3,'ENTR'),(983,4970,'Special Topics in Entrepreneurship',3,'ENTR'),(984,5201,'Entrepreneurship and Regional Opportunities',3,'ENTR'),(985,5202,'Developing an Entrepreneurial Venture',3,'ENTR'),(986,5211,'Entrepreneurial Management',2,'ENTR'),(987,5250,'Water Quality Control',3,'ENVE'),(988,5251,'Unit Operations in Environmental Engineering',3,'ENVE'),(989,5252,'Air Pollution Control Engineering',3,'ENVE'),(990,5253,'Air Pollution and Combustion',3,'ENVE'),(991,5254,'Solid and Hazardous Wastes Engineering',3,'ENVE'),(992,5255,'Environmental Chemistry',3,'ENVE'),(993,5256,'Noise Pollution Fundamentals, Measurements and Control',3,'ENVE'),(994,5258,'Groundwater Hydrology and Contamination',3,'ENVE'),(995,5910,'Independent Study in Engineering',3,'ENVE'),(996,5930,'Advanced Topics in Engineering',3,'ENVE'),(997,5980,'Research Guidance Thesis',3,'ENVE'),(998,6250,'Advanced Treatment Processes',3,'ENVE'),(999,6910,'Independent Study in Environmental Engineering',3,'ENVE'),(1000,6930,'Advanced Selected Topics in Environmental Engineering',3,'ENVE'),(1001,6980,'Research Guidance Dissertation',3,'ENVE'),(1002,5601,'Leading and Navigating Strategic Change',2,'EMBA'),(1003,5602,'Team-work & Communication',2,'EMBA'),(1004,5603,'Data Analysis and Analytical Decision Modeling for Optimizing Decisions',2,'EMBA'),(1005,5604,'Managerial Economics',2,'EMBA'),(1006,5605,'Strategic Accounting',2,'EMBA'),(1007,5606,'Financial Management',2,'EMBA'),(1008,5607,'Corporate Financial Management',2,'EMBA'),(1009,5608,'Talent Management, Coaching & Mentoring',2,'EMBA'),(1010,5609,'Managerial Decision Making and Operation Management',2,'EMBA'),(1011,5610,'Global Marketing Management (International Live-in Module)',3,'EMBA'),(1012,5611,'Competitive & Corporate Strategy (International Live-in Module)',3,'EMBA'),(1013,5612,'E- Business & Managers\' Toolkit',2,'EMBA'),(1014,5613,'Leadership & Management',2,'EMBA'),(1015,5614,'Innovation and Creating the Best Practices of Tomorrow',2,'EMBA'),(1016,5615,'Global Supply Chain Management and Operational Excellence',2,'EMBA'),(1017,5616,'Negotiation & Conflict Management',2,'EMBA'),(1018,5617,'Entrepreneurial Management',2,'EMBA'),(1019,5618,'Doing Business With The East (International Live-in Module)',3,'EMBA'),(1020,5619,'Doing Business With The East (International Live-in Module)',3,'EMBA'),(1021,5620,'Corporate Governance & Social Responsibility',2,'EMBA'),(1022,5621,'Business & Legal Environment',2,'EMBA'),(1023,5622,'Development & Rationale for Competitive Law',2,'EMBA'),(1024,5623,'Adapting to Global Environment - Integration Consultation Project',4,'EMBA'),(1025,5624,'Independent Study - Selected Topics in Management',NULL,'EMBA'),(1026,1099,'Selected Topics for Core Curriculum',3,'FILM'),(1027,2099,'Selected Topics for Core Curriculum',3,'FILM'),(1028,2120,'Introduction to Film Art',3,'FILM'),(1029,2121,'Introduction to Film Production',3,'FILM'),(1030,2122,'Introduction to Film Criticism',3,'FILM'),(1031,2123,'Introduction to Film Production II',3,'FILM'),(1032,2201,'Acting I',3,'FILM'),(1033,2211,'Acting in Arabic I',3,'FILM'),(1034,3030,'Literature and Cinema',3,'FILM'),(1035,3041,'Anthropology and Film',3,'FILM'),(1036,3070,'Selected Topics in Film',3,'FILM'),(1037,3110,'World Cinema',3,'FILM'),(1038,3115,'American Cinema 1895-1945',3,'FILM'),(1039,3117,'American Cinema 1945-present',3,'FILM'),(1040,3120,'Cinema in Egypt and the Arab World',3,'FILM'),(1041,3125,'Topics in National Cinemas',3,'FILM'),(1042,3130,'Film Theory',3,'FILM'),(1043,3140,'Documentary Film',3,'FILM'),(1044,3150,'Women and Film',3,'FILM'),(1045,3160,'The Filmmaker',3,'FILM'),(1046,3190,'Film Genres',3,'FILM'),(1047,3252,'Screenwriting',3,'FILM'),(1048,3253,'Digital Cinematography',3,'FILM'),(1049,3254,'Digital Editing',3,'FILM'),(1050,3306,'Sound for Picture Production',3,'FILM'),(1051,3352,'The Film Industry',3,'FILM'),(1052,3354,'Film Audience and Reception',3,'FILM'),(1053,3402,'Documentary Production',3,'FILM'),(1054,4201,'Film Directing',3,'FILM'),(1055,4250,'Senior Film Project',3,'FILM'),(1056,4350,'Philosophy and Film',3,'FILM'),(1057,4356,'Experiential Learning in Film',3,'FILM'),(1058,4402,'Independent Study',NULL,'FILM'),(1059,5170,'Advanced Seminar in Film Studies and Research',3,'FILM'),(1060,2101,'Business Finance I',3,'FINC'),(1061,3201,'Investment Analysis',3,'FINC'),(1062,3401,'Applied Banking',3,'FINC'),(1063,3501,'International Finance',3,'FINC'),(1064,4202,'Capital Markets',3,'FINC'),(1065,4203,'Options and Derivatives',3,'FINC'),(1066,4204,'Portfolio Theory and its Applications',3,'FINC'),(1067,4301,'Corporate Finance',3,'FINC'),(1068,4302,'Introduction to Private Equity and Direct Investments',3,'FINC'),(1069,4970,'Special Topics in Financial Management',3,'FINC'),(1070,4975,'Independent Study in Financial Management',NULL,'FINC'),(1071,5201,'Managerial Economics',3,'FINC'),(1072,5202,'Financial Management',3,'FINC'),(1073,5203,'Investments and Portfolio Management',3,'FINC'),(1074,5204,'Applied Financial Econometrics',3,'FINC'),(1075,5211,'Managerial Economics in Business',2,'FINC'),(1076,5230,'Statistical and numerical methods',3,'FINC'),(1077,5311,'International Financial Management',3,'FINC'),(1078,5312,'Financial Institutions and Markets',3,'FINC'),(1079,5313,'Options and Derivatives',3,'FINC'),(1080,5314,'Real Estate Finance',3,'FINC'),(1081,5315,'Islamic Finance',3,'FINC'),(1082,5320,'Financial Computing',3,'FINC'),(1083,5331,'Fixed Income Securities',3,'FINC'),(1084,5333,'Private Equity and Venture Capital',3,'FINC'),(1085,5351,'Advanced Corporate Finance',3,'FINC'),(1086,5352,'Financial Modeling',3,'FINC'),(1087,5353,'Financial Risk Analysis',3,'FINC'),(1088,5370,'Selected Topics in Financial Management',3,'FINC'),(1089,5375,'Independent Study in Financial Management',NULL,'FINC'),(1090,5401,'Thesis',9,'FINC'),(1091,5402,'Research Methodology',3,'FINC'),(1092,5100,'Theorizing Gender',3,'GWST'),(1093,5101,'Visual, Literary, and Critical Approaches to Gender in MENA',3,'GWST'),(1094,5102,'Justice: Histories and Theories',3,'GWST'),(1095,5104,'Mobilities: Gender and Migration',3,'GWST'),(1096,5106,'Reading Capital',3,'GWST'),(1097,5107,'Critical Geographies: Reading the Global South',3,'GWST'),(1098,5108,'Women and Human Rights',3,'GWST'),(1099,5109,'Theorizing the Urban',3,'GWST'),(1100,5170,'Special Topics in Gender and Women\'s Studies',3,'GWST'),(1101,5180,'Independent Study and Readings',3,'GWST'),(1102,5205,'Gender and Feminist Research Methodologies',3,'GWST'),(1103,5299,'Research Guidance and Thesis',0,'GWST'),(1104,5110,'Biostatistics',3,'GHHE'),(1105,5120,'Introduction to Epidemiology',3,'GHHE'),(1106,5130,'Environmental & Occupational Health',3,'GHHE'),(1107,5135,'Environmental Health for the Non-Scientist',3,'GHHE'),(1108,5140,'Bioethics in Research',3,'GHHE'),(1109,5150,'Global Health Communication and Society',3,'GHHE'),(1110,5180,'Experimental Design and Research Methods',3,'GHHE'),(1111,5190,'Diseases and Social Perception',3,'GHHE'),(1112,5195,'Advanced Good Laboratory Practices and Laboratory Management',3,'GHHE'),(1113,5210,'Advanced Epidemiology',3,'GHHE'),(1114,5220,'Principles and Methods of Applied Infectious Disease Epidemiology',3,'GHHE'),(1115,5230,'Environmental Epidemiology',3,'GHHE'),(1116,5240,'Genetic and Cancer Epidemiology',3,'GHHE'),(1117,5250,'Epidemiology of Malnutrition, Metabolic Disorders, Obesity and Diabetes',3,'GHHE'),(1118,5260,'Reproductive and Child Health Epidemiology',3,'GHHE'),(1119,5270,'Community-Driven Epidemiology: Environmental Justice and Equity',3,'GHHE'),(1120,5280,'Systematic Review and Meta-Analysis',3,'GHHE'),(1121,5290,'Health Analytics and Informatics',3,'GHHE'),(1122,5330,'The Earth Lab',3,'GHHE'),(1123,5331,'Health Effects of Environmental Agents',3,'GHHE'),(1124,5332,'Environmental Exposure Assessment',3,'GHHE'),(1125,5333,'Biological Monitoring in Exposure Assessment',3,'GHHE'),(1126,5334,'Field Research in Environmental Health and Safety',3,'GHHE'),(1127,5335,'Occupational Safety and Ergonomics',3,'GHHE'),(1128,5336,'Kinesiology and Biomechanics',3,'GHHE'),(1129,5337,'Ergonomics for Injury Prevention and Accommodation',3,'GHHE'),(1130,5340,'Principles of Toxicokinetics, Toxicodynamics, and Chemical Classes',3,'GHHE'),(1131,5341,'Systemic and Molecular Toxicology',3,'GHHE'),(1132,5342,'Case Studies in Pharmaceutical Toxicology',3,'GHHE'),(1133,5343,'Chemical Teratogenesis',3,'GHHE'),(1134,5344,'Chemical Carcinogenesis',3,'GHHE'),(1135,5345,'Autonomic and Autocoid Pharmacology and Toxicology',3,'GHHE'),(1136,5346,'Immunopharmacology and Immunotoxicology',3,'GHHE'),(1137,5347,'Environmental Cardiopulmonary Diseases',3,'GHHE'),(1138,5348,'Nanotoxicology and Safety: From Mechanisms to Regulation',3,'GHHE'),(1139,5349,'Neurotoxicology',3,'GHHE'),(1140,5350,'Contemporary Issues in Environment, Sustainable Development and Health',3,'GHHE'),(1141,5351,'Environmental Health and Sustainability in the Context of Human Geography',3,'GHHE'),(1142,5352,'Geography of Health and Healthcare',3,'GHHE'),(1143,5410,'Biomarkers: Exposure, Susceptibility, Effects and Efficacy',3,'GHHE'),(1144,5420,'Pharmacogenomics and Personalized Medicine',3,'GHHE'),(1145,5430,'Integrating Biomarkers in Populationbased Research',3,'GHHE'),(1146,5440,'Nanotechnology: Scope and Frontiers in Precision Health',3,'GHHE'),(1147,5450,'Nanoformulation, Targeting and Applications',3,'GHHE'),(1148,5460,'Nanomanufacturing, QC and Regulatory Affairs',3,'GHHE'),(1149,5470,'Nano-Enabled Precision Health',3,'GHHE'),(1150,5510,'Applied Neuroscience I',3,'GHHE'),(1151,5520,'Applied Neuroscience II',3,'GHHE'),(1152,5530,'Neuroimmunology',3,'GHHE'),(1153,5540,'Genetics and Molecular Basis of Disease',3,'GHHE'),(1154,5550,'Systems Neurobiology in Public Health',3,'GHHE'),(1155,6100,'Contemporary Challenges in Global Health I',3,'GHHE'),(1156,6110,'Global Challenges in Environmental Medicine',3,'GHHE'),(1157,6120,'Leadership and Professional Development for Public Health Professionals',3,'GHHE'),(1158,6130,'Current Issues in Public Health Outcomes',3,'GHHE'),(1159,6140,'Evidence-Based Medicine',3,'GHHE'),(1160,6180,'Microbiology and Infectious Disease',3,'GHHE'),(1161,6190,'Immune System in Health and Disease',3,'GHHE'),(1162,6210,'Public Health Informatics',3,'GHHE'),(1163,6220,'Health Informatics and Management',3,'GHHE'),(1164,6230,'Health Informatics in Health Surveillance',3,'GHHE'),(1165,7110,'Molecular Mechanisms of Antimicrobial Agents and Resistance',3,'GHHE'),(1166,7120,'Contemporary Issues in Infectious Disease',3,'GHHE'),(1167,2113,'Introduction to Visual Cultures',3,'DSGN'),(1168,2115,'History of Graphic Design',3,'DSGN'),(1169,2200,'Design Foundations',3,'DSGN'),(1170,2201,'Design Principles & Practices',3,'DSGN'),(1171,2202,'Logo and Visual Identity Design',3,'DSGN'),(1172,2210,'Typography I',3,'DSGN'),(1173,2240,'Color',3,'DSGN'),(1174,2245,'Illustration',3,'DSGN'),(1175,2250,'Digital Practice I',3,'DSGN'),(1176,3117,'History of Advertising in the Arab World',3,'DSGN'),(1177,3118,'History of Arabic Calligraphy',3,'DSGN'),(1178,3203,'Publication Design',3,'DSGN'),(1179,3204,'Packaging Design',3,'DSGN'),(1180,3205,'Retail Design',3,'DSGN'),(1181,3213,'Interactive Design',3,'DSGN'),(1182,3220,'Typography II',3,'DSGN'),(1183,3230,'Type Design',3,'DSGN'),(1184,3235,'Animation',3,'DSGN'),(1185,3250,'Digital Practices II',3,'DSGN'),(1186,3260,'Photography for Designers',3,'DSGN'),(1187,3265,'Advertising and Branding',3,'DSGN'),(1188,3270,'Selected Topics in Design',3,'DSGN'),(1189,4200,'Design field practices',3,'DSGN'),(1190,4210,'Portfolio',3,'DSGN'),(1191,4220,'Production for Designers',3,'DSGN'),(1192,4269,'Senior Project Thesis',3,'DSGN'),(1193,4270,'Senior Project Practice',3,'DSGN'),(1194,4302,'Independent Study',3,'DSGN'),(1195,5115,'History of Graphic Design in the Arab world',3,'DSGN'),(1196,1099,'Selected Topics for Core Curriculum',3,'HIST'),(1197,1101,'World Cultures',3,'HIST'),(1198,1102,'Big History for Freshmen',3,'HIST'),(1199,1103,'Words That Made History: Great Speeches of the 20th Century',3,'HIST'),(1200,1201,'Family History in the Modern Middle East',3,'HIST'),(1201,2019,'Introduction to American Studies',3,'HIST'),(1202,2096,'Selected Topics for the Core Curriculum in Global Studies',3,'HIST'),(1203,2097,'Selected Topics for the Core Curriculum in Arab World Studies',3,'HIST'),(1204,2099,'Selected Topics for the Core Curriculum in Humanities',3,'HIST'),(1205,2104,'World History',3,'HIST'),(1206,2202,'History In The Making',3,'HIST'),(1207,2203,'Survey of Arab History',3,'HIST'),(1208,2204,'The Making of the Modern Arab World',3,'HIST'),(1209,2401,'Western Civilization from Antiquity to Medieval Europe',3,'HIST'),(1210,2402,'Europe from the Middle Ages to the Enlightenment (1337-1789)',3,'HIST'),(1211,2403,'Europe in the Age of Revolution and Reform (1789-1914)',3,'HIST'),(1212,2404,'Europe in International Politics in the Twentieth Century',3,'HIST'),(1213,2501,'History of American Civilization to the Nineteenth Century',3,'HIST'),(1214,2502,'History of Modern American Civilization',3,'HIST'),(1215,2602,'Religions of the World',3,'HIST'),(1216,2604,'The Quest for the Historical Jesus',3,'HIST'),(1217,2901,'History I: Pre-Dynastic Through Middle Kingdom Egypt',3,'HIST'),(1218,2902,'History II: Middle Kingdom Through New Kingdom Egypt',3,'HIST'),(1219,3105,'Big History',3,'HIST'),(1220,3205,'Islamic Spain and North Africa (711-1492 A.D.)',3,'HIST'),(1221,3206,'Urban Landscapes in the Modern Middle East/North Africa',3,'HIST'),(1222,3207,'History of Palestine/Israel',3,'HIST'),(1223,3208,'Zionism and Modern Judaism',3,'HIST'),(1224,3210,'Birth of Muslim Community and Rise of the Arab Caliphates',3,'HIST'),(1225,3211,'Caliphs and Sultans in the Age of Crusades and Mongols',3,'HIST'),(1226,3212,'Gunpowder Empires: Ottomans, Safavids and Mughols',3,'HIST'),(1227,3213,'State and Society in the Middle East, 1699-1914',3,'HIST'),(1228,3214,'State and Society in the Middle East, 1906-present',3,'HIST'),(1229,3215,'Zawiyas, Harems, Coffee shops, Everyday Life in the Pre-Modern Mideast',3,'HIST'),(1230,3216,'Shi\'i Muslims in History',3,'HIST'),(1231,3288,'Selected topics in Middle East History',3,'HIST'),(1232,3302,'Violence, War, and Conflict in Modern Africa',3,'HIST'),(1233,3405,'The Middle Ages, the Renaissance and the Reformation',3,'HIST'),(1234,3406,'Europe in the Age of Reason',3,'HIST'),(1235,3903,'History of Egypt in the Graeco-Roman Era',3,'HIST'),(1236,3904,'Societies and Cultures of the Ancient Near East',3,'HIST'),(1237,4000,'Honors Thesis',3,'HIST'),(1238,4106,'Food in World History',3,'HIST'),(1239,4107,'The Environment in World History',3,'HIST'),(1240,4188,'Selected Topics in World History',3,'HIST'),(1241,4215,'The Marriage Crisis and the Middle East',3,'HIST'),(1242,4216,'Social and Political History of Modern Cairo',3,'HIST'),(1243,4217,'Colonialism and Imperialism in the Middle East and South Asia',3,'HIST'),(1244,4219,'Modern Movements in Islam',3,'HIST'),(1245,4220,'Selected Topics in Middle Eastern History, 600-1250 A. D.',3,'HIST'),(1246,4221,'Selected Topics in the History of Islamic Thought and Institutions',3,'HIST'),(1247,4222,'Egypt under Nasser',3,'HIST'),(1248,4224,'Egypt in the Modern World Market',3,'HIST'),(1249,4288,'Selected Topics in the History of the Modern Middle East',3,'HIST'),(1250,4289,'Selected Topics in Middle Eastern History, 1250-1800 A. D.',3,'HIST'),(1251,4290,'Selected Topics in Modern Egyptian History',3,'HIST'),(1252,4303,'Global Capitalism and Africa: An Economic History',3,'HIST'),(1253,4400,'Independent Study',NULL,'HIST'),(1254,4488,'Selected Topics in European History',3,'HIST'),(1255,4588,'Selected Topics in the History of the United States',3,'HIST'),(1256,4801,'Historical Theory and Methodology',3,'HIST'),(1257,4802,'Preparation for Thesis Writting',3,'HIST'),(1258,4905,'Selected Topics in Coptic Studies',3,'HIST'),(1259,5222,'Seminar on the Nineteenth-Century Middle East',3,'HIST'),(1260,5223,'Seminar on the Twentieth-Century Middle East',3,'HIST'),(1261,302,'Advanced English (for Graduates)',0,'ELIN'),(1262,3501,'International Finance',3,'INTB'),(1263,4601,'International Marketing',3,'INTB'),(1264,5210,'Introduction to International Human Rights Law and Critique',3,'LAW'),(1265,5211,'International Humanitarian Law',3,'LAW'),(1266,5214,'Human Rights in the Middle East',3,'LAW'),(1267,5216,'Economic, Social, and Cultural Rights',3,'LAW'),(1268,5218,'International Refugee Law',3,'LAW'),(1269,5219,'Human Rights in Africa',3,'LAW'),(1270,5275,'Special Topics in International Human Rights Law',3,'LAW'),(1271,5284,'Human Rights in Practice',3,'LAW'),(1272,2200,'Introduction to Mass Communication',3,'JRMC'),(1273,2201,'Media Writing',3,'JRMC'),(1274,2202,'Multimedia Writing and Production',3,'JRMC'),(1275,2203,'Mass Media Ethics and Responsibility',3,'JRMC'),(1276,2208,'Media Literacy in the Digital Age',3,'JRMC'),(1277,2230,'Photography Foundations 1',3,'JRMC'),(1278,2250,'Global Media Systems',3,'JRMC'),(1279,2270,'Online Communication',3,'JRMC'),(1280,2280,'Entertainment Media',3,'JRMC'),(1281,2299,'Selected Topic for Core Curriculum',3,'JRMC'),(1282,3301,'Journalism Editing and Design',3,'JRMC'),(1283,3303,'Data for Media',3,'JRMC'),(1284,3305,'Introduction to Visual Communication',3,'JRMC'),(1285,3307,'Sports Media',3,'JRMC'),(1286,3310,'Public Opinion, Persuasion and Propaganda',3,'JRMC'),(1287,3312,'Multimedia Journalism Lab: The Caravan',3,'JRMC'),(1288,3315,'Introduction to Advertising',3,'JRMC'),(1289,3320,'Mass Communication Research',3,'JRMC'),(1290,3330,'Photojournalism and Documentary Practices',3,'JRMC'),(1291,3333,'Research for Journalists',3,'JRMC'),(1292,3337,'TV Scriptwriting and Production',3,'JRMC'),(1293,3339,'Studio Production: AUC TV',3,'JRMC'),(1294,3355,'Creative Strategy and Advertising Copywriting',3,'JRMC'),(1295,3366,'Online Behavior and Web Analytics',3,'JRMC'),(1296,3380,'Digital Storytelling',3,'JRMC'),(1297,3390,'Media Economics',3,'JRMC'),(1298,4402,'Reporting and Writing in Arabic',3,'JRMC'),(1299,4403,'Feature and Magazine Writing',3,'JRMC'),(1300,4405,'Advanced Visual Communication',3,'JRMC'),(1301,4406,'Internship',3,'JRMC'),(1302,4412,'Newsroom Editing and Management',3,'JRMC'),(1303,4415,'Public Relations Theory and Techniques',3,'JRMC'),(1304,4420,'Media Management',3,'JRMC'),(1305,4425,'Integrated Marketing Communication Campaigns Capstone',3,'JRMC'),(1306,4430,'Advertising Agency Operations',3,'JRMC'),(1307,4441,'Camera and Editing Workshop',3,'JRMC'),(1308,4444,'Media Law and Policy',3,'JRMC'),(1309,4460,'Audio Production',3,'JRMC'),(1310,4471,'Online Journalism',3,'JRMC'),(1311,4480,'Multimedia Reporting Capstone',3,'JRMC'),(1312,4482,'Media Convergence Capstone',3,'JRMC'),(1313,4490,'Special Topics in Mass Communication',NULL,'JRMC'),(1314,4499,'Directed Individual Study in Mass Communication',NULL,'JRMC'),(1315,5200,'Seminar in Mass  Communication Theory and Literature',3,'JRMC'),(1316,5201,'Advanced Reporting and Writing',3,'JRMC'),(1317,5202,'Seminar: Current Issues in Mass Communication',3,'JRMC'),(1318,5204,'Research Methods in Mass Communication',3,'JRMC'),(1319,5206,'Internship',3,'JRMC'),(1320,5240,'Reporting Civil Society',3,'JRMC'),(1321,5250,'Seminar in International Communication',3,'JRMC'),(1322,5260,'Seminar on Electronic Journalism and Arab Society',3,'JRMC'),(1323,5270,'Seminar in Mass Communication and National Development',3,'JRMC'),(1324,5271,'Digital Journalism',3,'JRMC'),(1325,5280,'Television and Digital Broadcasting: Impact and Development',3,'JRMC'),(1326,5288,'Comprehensives',0,'JRMC'),(1327,5290,'Special Topics',3,'JRMC'),(1328,5299,'Research Guidance and Thesis',0,'JRMC'),(1329,1020,'Libraries and Learning Technologies',0,'LALT'),(1330,2200,'Introduction to Linguistics',3,'LING'),(1331,2201,'Languages of the World',3,'LING'),(1332,2210,'Principles and Practice of Teaching English',3,'LING'),(1333,2220,'Language and Society',3,'LING'),(1334,2230,'Language and Communication',3,'LING'),(1335,2299,'Selected Topic for Core Curriculum',3,'LING'),(1336,3075,'Language in Culture',3,'LING'),(1337,3220,'Introduction to Phonetics',3,'LING'),(1338,3320,'Language and Politics',3,'LING'),(1339,3330,'Introduction to Corpus Linguistics',3,'LING'),(1340,4212,'Language and Human Development',3,'LING'),(1341,4410,'Introduction to Computational Linguistics',3,'LING'),(1342,4371,'Introduction to Public International Law',3,'LAW'),(1343,4375,'Introduction to Egyptian and Islamic Law',3,'LAW'),(1344,4378,'Introduction to International Human Rights Law',3,'LAW'),(1345,5200,'Legal Research and Writing',3,'LAW'),(1346,5201,'Jurisprudence',3,'LAW'),(1347,5202,'Comparative Law',3,'LAW'),(1348,5203,'Law and Economic Development',3,'LAW'),(1349,5205,'Islamic Law Reform',3,'LAW'),(1350,5206,'Egyptian Legal History',3,'LAW'),(1351,5207,'The Law and Practice of the Settlement of International Disputes Between States',3,'LAW'),(1352,5208,'International Criminal Law',3,'LAW'),(1353,5209,'International Law',3,'LAW'),(1354,5215,'Comparative Constitutional Law and Human Rights',3,'LAW'),(1355,5220,'Justice: Histories and Theories',3,'LAW'),(1356,5221,'Law and Patriarchy',3,'LAW'),(1357,5222,'International Economic and Trade Law',3,'LAW'),(1358,5223,'International Commercial Arbitration',3,'LAW'),(1359,5224,'Comparative Corporate Governance',3,'LAW'),(1360,5225,'Securities Regulation Law',3,'LAW'),(1361,5226,'Antitrust Law',3,'LAW'),(1362,5227,'Graduate Law Seminar',3,'LAW'),(1363,5228,'Migration in International Law',3,'LAW'),(1364,5270,'Special Topics in Comparative Law',NULL,'LAW'),(1365,5271,'Special Topics in International Law',NULL,'LAW'),(1366,5272,'Special Topics in Public Law',NULL,'LAW'),(1367,5285,'Legal Practice',3,'LAW'),(1368,5299,'Research Guidance/Thesis',0,'LAW'),(1369,3201,'Management Fundamentals',3,'MGMT'),(1370,3301,'Business Law (Commercial & Fiscal)',3,'MGMT'),(1371,4202,'Managing the Human Capital',3,'MGMT'),(1372,4203,'Organization Development',3,'MGMT'),(1373,4402,'Business Consultancy',3,'MGMT'),(1374,4970,'Special Topics in Management',3,'MGMT'),(1375,4975,'Independent Study in Management',NULL,'MGMT'),(1376,5202,'Managing Organizations in a Dynamic Environment',3,'MGMT'),(1377,5302,'Managing Organizations and the Human Capital',3,'MGMT'),(1378,5303,'Organizational Design',3,'MGMT'),(1379,5304,'Management of International Business Organizations',3,'MGMT'),(1380,5306,'Leadership',3,'MGMT'),(1381,5307,'Entrepreneurship and Innovation',3,'MGMT'),(1382,5308,'Strategic Management of Innovation',3,'MGMT'),(1383,5309,'Technology and Innovation Management',3,'MGMT'),(1384,5370,'Selected Topics in Management',3,'MGMT'),(1385,5375,'Independent Study in Management',NULL,'MGMT'),(1386,2101,'Introduction to Information Systems/Technology',3,'MOIS'),(1387,3201,'Management Information Systems and Database Management',3,'MOIS'),(1388,3301,'Entrepreneurial IT and Electronic Business',3,'MOIS'),(1389,3401,'Human Computer Interaction (HCI)',3,'MOIS'),(1390,3501,'Geographic Information Systems (GIS)',3,'MOIS'),(1391,3601,'Decision Support Systems and Business Intelligence',3,'MOIS'),(1392,3701,'Marketing Information Systems',3,'MOIS'),(1393,3702,'Financial Information Systems',3,'MOIS'),(1394,3703,'Accounting Information Systems',3,'MOIS'),(1395,3801,'Strategic Information Systems',3,'MOIS'),(1396,4202,'Business Information Systems Analysis and Development',3,'MOIS'),(1397,4704,'Big Data and Predictive Analysis',3,'MOIS'),(1398,4970,'Special Topics in Management of Information Systems',3,'MOIS'),(1399,4975,'Independent Study in Management of Information Systems',NULL,'MOIS'),(1400,4999,'Internship and Graduation Project',3,'MOIS'),(1401,5201,'Information and Communication Technology in Business',3,'MOIS'),(1402,5202,'Data Sciences in Business',2,'MOIS'),(1403,5211,'Information Technologies and Systems',2,'MOIS'),(1404,5301,'Systems Analysis, Design, and Implementation',3,'MOIS'),(1405,5302,'Decision Support Systems',3,'MOIS'),(1406,5303,'Electronic Business: Doing Business in the Digital Economy',3,'MOIS'),(1407,5304,'Integrated Technologies and Big Data',3,'MOIS'),(1408,5305,'Information Technology Strategy and Entrepreneurship',3,'MOIS'),(1409,5370,'Advanced Topics (Next Generation Technologies)',3,'MOIS'),(1410,5375,'Independent Research in Management of Information Systems/Technology',NULL,'MOIS'),(1411,2101,'Principles of Marketing',3,'MKTG'),(1412,3201,'Marketing Research',3,'MKTG'),(1413,3202,'Consumer-Buyer Behaviour',3,'MKTG'),(1414,3301,'Marketing Communications Management',3,'MKTG'),(1415,4203,'Advanced Marketing Research',3,'MKTG'),(1416,4302,'E-Marketing',3,'MKTG'),(1417,4303,'Principles of Public Relations',3,'MKTG'),(1418,4401,'Professional Selling',3,'MKTG'),(1419,4501,'Services Marketing',3,'MKTG'),(1420,4601,'International Marketing',3,'MKTG'),(1421,4602,'Marketing Strategy',3,'MKTG'),(1422,4970,'Special topics in Marketing',3,'MKTG'),(1423,4975,'Independent Study in Marketing',NULL,'MKTG'),(1424,5201,'Marketing Management',3,'MKTG'),(1425,5301,'Marketing Research Methods',3,'MKTG'),(1426,5304,'Global Marketing',3,'MKTG'),(1427,5305,'Integrated Marketing Communication',3,'MKTG'),(1428,5306,'Strategic Marketing',3,'MKTG'),(1429,5307,'Strategic Brand Management',3,'MKTG'),(1430,5370,'Contemporary Topics in Marketing',3,'MKTG'),(1431,5375,'Independent Study in Contemporary Topics in Marketing',NULL,'MKTG'),(1432,1111,'Algebra and Trigonometry',3,'MACT'),(1433,1112,'Basic Mathematics for Social Sciences',3,'MACT'),(1434,1121,'Calculus I',3,'MACT'),(1435,1122,'Calculus II',3,'MACT'),(1436,1221,'Statistical Reasoning',3,'MACT'),(1437,1930,'Selected Topic for Core Curriculum',3,'MACT'),(1438,2123,'Calculus III',3,'MACT'),(1439,2124,'Calculus IV',3,'MACT'),(1440,2131,'Discrete Mathematics',3,'MACT'),(1441,2132,'Linear Algebra',3,'MACT'),(1442,2141,'Differential Equations',3,'MACT'),(1443,2146,'Optimization I',3,'MACT'),(1444,2222,'Statistics for Business',3,'MACT'),(1445,3133,'Formal and Mathematical Logic',3,'MACT'),(1446,3142,'Introduction to PDE and Boundary-Value Problems',3,'MACT'),(1447,3143,'Numerical Methods',3,'MACT'),(1448,3146,'Optimization II',3,'MACT'),(1449,3211,'Applied Probability',3,'MACT'),(1450,3223,'Statistical Inference',3,'MACT'),(1451,3224,'Probability and Statistics',3,'MACT'),(1452,3311,'Introduction to Financial Mathematics',3,'MACT'),(1453,3940,'Seminar in Mathematics',1,'MACT'),(1454,4125,'Complex-Function Theory',3,'MACT'),(1455,4126,'Real Analysis I',3,'MACT'),(1456,4127,'Real Analysis II',3,'MACT'),(1457,4134,'Modern Algebra',3,'MACT'),(1458,4135,'Graph Theory',3,'MACT'),(1459,4212,'Stochastic Processes',3,'MACT'),(1460,4213,'Mathematical Modeling with Applications',3,'MACT'),(1461,4231,'Applied Regression Methods',3,'MACT'),(1462,4232,'Analysis of Time Series Data',3,'MACT'),(1463,4233,'Applied Multivariate Analysis',3,'MACT'),(1464,4312,'Mathematics of Derivatives Pricing I',3,'MACT'),(1465,4313,'Mathematics of Derivatives Pricing II',3,'MACT'),(1466,4314,'Financial Modeling',3,'MACT'),(1467,4321,'Long-Term Actuarial Mathematics I',3,'MACT'),(1468,4322,'Long-Term Actuarial Mathematics II',3,'MACT'),(1469,4331,'Short Term Actuarial Mathematics I',3,'MACT'),(1470,4332,'Short Term Actuarial Mathematics II',3,'MACT'),(1471,4910,'Guided Studies in Mathematics',NULL,'MACT'),(1472,4930,'Selected Topics in Mathematics',3,'MACT'),(1473,4931,'Selected Topics in Actuarial Science',3,'MACT'),(1474,4950,'Practical Internship',3,'MACT'),(1475,4980,'Senior Thesis',3,'MACT'),(1476,4990,'Enterprise Risk Management',3,'MACT'),(1477,6111,'Advanced Numerical Methods',3,'MACT'),(1478,6121,'Advanced Probability with Engineering Applications',3,'MACT'),(1479,2112,'Strength of Materials',3,'MENG'),(1480,2505,'Mechanical Engineering Drawing',1,'MENG'),(1481,3207,'Engineering Materials',3,'MENG'),(1482,3209,'Fundamentals of Manufacturing Processes',3,'MENG'),(1483,3217,'Mechanical and Structural Behavior of Engineering Materials Lab',1,'MENG'),(1484,3402,'Quality and Process Control',3,'MENG'),(1485,3446,'Engineering and Project Management',3,'MENG'),(1486,3502,'Mechanical Systems',3,'MENG'),(1487,3505,'Mechanics of Materials',3,'MENG'),(1488,3506,'Mechanical Design I',3,'MENG'),(1489,3601,'Fundamentals of Thermodynamics',3,'MENG'),(1490,3602,'Applied Fluid Mechanics',3,'MENG'),(1491,3605,'Applied Thermodynamics',3,'MENG'),(1492,3705,'System Dynamics',3,'MENG'),(1493,4208,'Selection of Materials and Processes for Design',3,'MENG'),(1494,4221,'Ceramics and Composites',3,'MENG'),(1495,4225,'Polymers and Composites',3,'MENG'),(1496,4226,'Metals, Alloys and Composites',3,'MENG'),(1497,4227,'Failure of Mechanical Components',3,'MENG'),(1498,4229,'Nanostructured Materials',3,'MENG'),(1499,4232,'Materials, Processing, and Design',3,'MENG'),(1500,4239,'Advanced Manufacturing Processes',3,'MENG'),(1501,4440,'Engineering Operations Research',3,'MENG'),(1502,4441,'Decision Support in Engineering Systems',3,'MENG'),(1503,4442,'Reliability Engineering and Risk Analysis',3,'MENG'),(1504,4443,'Systems Simulation',3,'MENG'),(1505,4444,'Work Analysis and Design',3,'MENG'),(1506,4445,'Production and Inventory Control',3,'MENG'),(1507,4448,'Facilities Planning',3,'MENG'),(1508,4449,'Maintenance Management Systems',3,'MENG'),(1509,4477,'Manufacturing System Automation',3,'MENG'),(1510,4507,'Mechanical Design II',3,'MENG'),(1511,4551,'Computer-Aided Design and Prototyping',3,'MENG'),(1512,4553,'Finite Element Method and Applications in Design',3,'MENG'),(1513,4554,'Finite Element Method in Dynamic Analysis and Design',3,'MENG'),(1514,4555,'Applied Vibration Measurements, Analysis and Control',3,'MENG'),(1515,4558,'Integrated Design',3,'MENG'),(1516,4565,'Design of Engineering Systems',3,'MENG'),(1517,4606,'Heat Transfer',4,'MENG'),(1518,4661,'Turbo-Machinery',3,'MENG'),(1519,4662,'Power Plant Technology',3,'MENG'),(1520,4663,'Design of Renewable Energy Systems',3,'MENG'),(1521,4665,'Internal Combustion Engines',3,'MENG'),(1522,4666,'Design of Heating, Ventilation, and Air Conditioning Systems',3,'MENG'),(1523,4667,'Refrigeration and Air-conditioning',3,'MENG'),(1524,4756,'Automatic Control Systems',3,'MENG'),(1525,4757,'Robotics: Design, Analysis and Control',3,'MENG'),(1526,4778,'Microcontrollers and Mechatronics systems',3,'MENG'),(1527,4779,'Integrated Design of Electromechanical Systems',3,'MENG'),(1528,4920,'Special Problems in Engineering',NULL,'MENG'),(1529,4930,'Selected Topics in Mechanical Engineering',3,'MENG'),(1530,4931,'Selected Topics in Design',3,'MENG'),(1531,4932,'Selected Topics in Materials and Manufacturing',3,'MENG'),(1532,4936,'Selected Topics in Power Engineering',3,'MENG'),(1533,4937,'Selected Topics in Mechatronics',3,'MENG'),(1534,4950,'Industrial Training',1,'MENG'),(1535,4980,'Senior Project I',1,'MENG'),(1536,4981,'Senior Project II',2,'MENG'),(1537,5168,'Nuclear Power Plant Engineering',3,'MENG'),(1538,5221,'Advanced Topics in Mechanical Behavior of Engineering Materials',3,'MENG'),(1539,5222,'Materials in Design and Manufacturing',3,'MENG'),(1540,5223,'Physical Metallurgy',3,'MENG'),(1541,5224,'Electronic Phenomena in Solids',3,'MENG'),(1542,5225,'Deformation and Fracture of Materials',3,'MENG'),(1543,5226,'Computer Methods in Materials Engineering',3,'MENG'),(1544,5227,'Composite Materials: Mechanics, Manufacturing, and Design',3,'MENG'),(1545,5228,'Advanced Testing and Characterization Techniques',3,'MENG'),(1546,5229,'Failure Analysis and Prevention',3,'MENG'),(1547,5230,'Nanostructured Materials',3,'MENG'),(1548,5231,'Fabrication of Nanomaterials For Films And Devices',3,'MENG'),(1549,5232,'Simulation and Modeling for Nanoscale Materials and Systems',3,'MENG'),(1550,5234,'Materials for Energy Conversion and Storage',3,'MENG'),(1551,5235,'Biomaterials',3,'MENG'),(1552,5241,'Integrated Manufacturing Systems',3,'MENG'),(1553,5242,'Total Quality Management',3,'MENG'),(1554,5243,'Systems Modeling and Optimization',3,'MENG'),(1555,5245,'Production Systems Design',3,'MENG'),(1556,5248,'Facilities Planning and Design',3,'MENG'),(1557,5251,'Engineering Systems Analysis and Design',3,'MENG'),(1558,5253,'Advanced Computer Aided Design',3,'MENG'),(1559,5254,'Advanced Stress Analysis in Design and Manufacturing',3,'MENG'),(1560,5255,'Analysis and Design of Dynamic Systems',3,'MENG'),(1561,5257,'Engineering Design Methodologies',3,'MENG'),(1562,5258,'Applied Finite Element Analysis for Engineers',3,'MENG'),(1563,5263,'Cogeneration and Energy Storage',3,'MENG'),(1564,5265,'CFD and Turbulence Modeling',3,'MENG'),(1565,5266,'Solar Radiation and Energy Conversion',3,'MENG'),(1566,5270,'Applied Control, Vibration and Instrumentations',3,'MENG'),(1567,5271,'Robotics: Kinematics, Dynamics and Control',3,'MENG'),(1568,5272,'Embedded Real Time Systems',3,'MENG'),(1569,5273,'Modern Control Design',3,'MENG'),(1570,5274,'Autonomous Robotics: Modeling, Navigation and Control',3,'MENG'),(1571,5910,'Independent Study in Engineering',3,'MENG'),(1572,5930,'Advanced Topics in Engineering',3,'MENG'),(1573,5980,'Capstone Project',3,'MENG'),(1574,5981,'Research Guidance Thesis',3,'MENG'),(1575,6241,'Stochastic Simulation',3,'MENG'),(1576,6255,'Continuum Mechanics',3,'MENG'),(1577,6261,'Sustainability of Thermal Systems',3,'MENG'),(1578,6262,'Advanced Transport Phenomena',3,'MENG'),(1579,6263,'Advanced Measurements in Thermofluids',3,'MENG'),(1580,6270,'Nonlinear and Adaptive Control',3,'MENG'),(1581,6980,'Research Guidance Dissertation',3,'MENG'),(1582,4210,'Individual Study and Selected Readings',NULL,'MEST'),(1583,4301,'Special Topics in Middle East Studies',3,'MEST'),(1584,5200,'Migration and Refugee movements in the Middle East and North Africa',3,'MEST'),(1585,5201,'A Critical Introduction to Middle East Studies',3,'MEST'),(1586,5202,'Interdisciplinary Seminar in Middle East Studies',3,'MEST'),(1587,5205,'Palestinian Refugee Issues',3,'MEST'),(1588,5280,'Selected Topics',3,'MEST'),(1589,5281,'Independent Study and Readings',3,'MEST'),(1590,5289,'Comprehensives',0,'MEST'),(1591,5298,'Research Methods',3,'MEST'),(1592,5299,'Thesis',0,'MEST'),(1593,5100,'Introduction to Migration and Refugee Studies',3,'MRS'),(1594,5101,'International Refugee Law',3,'MRS'),(1595,5102,'Migration & Refugee Movements in the Middle East and North Africa',3,'MRS'),(1596,5103,'International Migration and Development',3,'MRS'),(1597,5104,'Mobilities: Gender and Migration',3,'MRS'),(1598,5112,'Psychosocial Issues in Forced Migration',3,'MRS'),(1599,5204,'Research Methods in Migration and Refugees Studies',3,'MRS'),(1600,5205,'Palestinian Refugee Issues',3,'MRS'),(1601,5206,'Comparative Migration Policies',3,'MRS'),(1602,5207,'Migrants & Refugees in the International System',3,'MRS'),(1603,5208,'Special Topics in Migration and Refugee Studies',3,'MRS'),(1604,5209,'Migration, Integration and Citizenship',3,'MRS'),(1605,5213,'Practicum in Psychosocial Interventions for Forced Migrants and Refugees',2,'MRS'),(1606,5214,'Psychosocial Interventions for Forced Migrants and Refugees',3,'MRS'),(1607,5228,'Migration in International Law',3,'MRS'),(1608,5284,'Practicum: Internship or Research',3,'MRS'),(1609,5299,'Research Guidance and Thesis',3,'MRS'),(1610,1010,'The Songs of America',3,'MUSC'),(1611,1011,'Vocal Methods',3,'MUSC'),(1612,1012,'Guitar and Piano: Accompaniment and improvisation \"by ear\"',3,'MUSC'),(1613,1099,'Selected Topics for Core Curriculum',3,'MUSC'),(1614,1800,'Private Lessons in Voice or an Instrument',1,'MUSC'),(1615,1805,'How to Read Music',3,'MUSC'),(1616,2000,'World Music',3,'MUSC'),(1617,2099,'Selected Topics for Core Curriculum',3,'MUSC'),(1618,2200,'Introduction to Music',3,'MUSC'),(1619,2300,'Introduction to Music Technology',3,'MUSC'),(1620,2301,'Music Production Using Protools I',3,'MUSC'),(1621,2303,'Microphone Techniques',3,'MUSC'),(1622,2400,'Western Music Theory I',3,'MUSC'),(1623,2401,'Sight-Singing and Aural Skills I',1,'MUSC'),(1624,2450,'Arab Music Theory I',3,'MUSC'),(1625,2451,'Maqam I (Arab Music Sight-Singing and Aural Skills)',1,'MUSC'),(1626,2620,'Arab Music Ensemble',1,'MUSC'),(1627,2630,'Guitar Ensemble',1,'MUSC'),(1628,2640,'Chamber Music Ensembles',1,'MUSC'),(1629,2650,'Rehearsal/Performance Practicum',1,'MUSC'),(1630,2660,'Chamber Singers',1,'MUSC'),(1631,2670,'Cairo Choral Society',1,'MUSC'),(1632,2850,'Private Instruction for Piano Proficiency',1,'MUSC'),(1633,3099,'Selected Topics in Music',3,'MUSC'),(1634,3110,'Diction for Singers in the Western Tradition',3,'MUSC'),(1635,3150,'Western and Arab Musical Instruments',3,'MUSC'),(1636,3200,'Music in the Western Tradition',3,'MUSC'),(1637,3250,'Music in the Arab Tradition',3,'MUSC'),(1638,3304,'Music Production for Visual Media',3,'MUSC'),(1639,3305,'Electronic Music',3,'MUSC'),(1640,3306,'Sound for Picture Production',3,'MUSC'),(1641,3307,'Music for Film',3,'MUSC'),(1642,3308,'Live Sound Reinforcement',3,'MUSC'),(1643,3400,'Western Music Theory II',3,'MUSC'),(1644,3401,'Sight-Singing and Aural Skills II',1,'MUSC'),(1645,3450,'Arab Music Theory II',3,'MUSC'),(1646,3451,'Maqam II (Arab Music Sight-Singing and Aural Skills)',1,'MUSC'),(1647,3520,'Guitar Pedagogy',3,'MUSC'),(1648,3900,'Independent Study',NULL,'MUSC'),(1649,4308,'Music Production Using Protools II',3,'MUSC'),(1650,4309,'Digital Mixing Techniques',3,'MUSC'),(1651,4400,'Western Music Theory III',3,'MUSC'),(1652,4401,'Sight-Singing and Aural Skills III',1,'MUSC'),(1653,4800,'Advanced Private Lessons in Voice or an Instrument',3,'MUSC'),(1654,4900,'Advanced Seminar',3,'MUSC'),(1655,4980,'Capstone Final Recital',3,'MUSC'),(1656,5200,'Nanomaterials, Synthesis, Processing and Applications',3,'NANO'),(1657,5202,'Simulation and Modeling for Nanoscale Materials and Systems',3,'NANO'),(1658,5203,'Advanced Testing and Characterization Techniques',3,'NANO'),(1659,5204,'Fabrication of Nanomaterials For Films And Devices',3,'NANO'),(1660,5205,'Nanochemistry',3,'NANO'),(1661,5206,'Management and Economics of Nanotechnology',3,'NANO'),(1662,5207,'Advanced Nanophysics',3,'NANO'),(1663,5210,'Advanced Quantum Mechanics',3,'NANO'),(1664,5221,'MEMS/NEMS Technology and Devices',3,'NANO'),(1665,5222,'Advanced Semiconductor Physics',3,'NANO'),(1666,5232,'Nanocomposite Science and Technology',3,'NANO'),(1667,5233,'Materials for Energy Conversion and Storage',3,'NANO'),(1668,5241,'The Chemistry of Nanostructures',3,'NANO'),(1669,5242,'Nanoelectrochemistry',3,'NANO'),(1670,5251,'Nanotechnology Applications in Construction Materials',3,'NANO'),(1671,5252,'Nanotechnology in Studying Damage and Failure in Structures',3,'NANO'),(1672,5261,'Advanced Solid-State Devices',3,'NANO'),(1673,5262,'Advanced Integrated Circuit Design',3,'NANO'),(1674,5271,'Bionanotechnology',3,'NANO'),(1675,5910,'Independent Studies',NULL,'NANO'),(1676,5930,'Selected Topics in Nanotechnology',3,'NANO'),(1677,5980,'Research Guidance Thesis',3,'NANO'),(1678,6121,'Nanophotonics',3,'NANO'),(1679,6230,'Biomaterials',3,'NANO'),(1680,6240,'Nanoporous Materials',3,'NANO'),(1681,6242,'Nanocatalysis',3,'NANO'),(1682,6910,'Independent Studies',NULL,'NANO'),(1683,6980,'Research Guidance Dissertation',3,'NANO'),(1684,5211,'Statistics in Business',2,'OPMG'),(1685,2011,'Introduction to Petroleum Geology',2,'PENG'),(1686,2012,'Geology Lab.',1,'PENG'),(1687,2013,'Petroleum Industry Overview',1,'PENG'),(1688,2411,'Electrical Engineering',2,'PENG'),(1689,2415,'Materials Engineering',3,'PENG'),(1690,3011,'Petroleum Geology and Exploration',3,'PENG'),(1691,3021,'Reservoir Rock Properties',3,'PENG'),(1692,3022,'Petrophysics and Fluids Lab',1,'PENG'),(1693,3111,'Drilling Engineering I',3,'PENG'),(1694,3112,'Drilling Engineering I Lab',1,'PENG'),(1695,3211,'Reservoir Fluids',3,'PENG'),(1696,3215,'Reservoir Engineering Fundamentals',3,'PENG'),(1697,3225,'Natural Gas Engineering',3,'PENG'),(1698,3227,'Formation Evaluation',4,'PENG'),(1699,3310,'Well Completion and Workover',3,'PENG'),(1700,3321,'Surface Facilities',3,'PENG'),(1701,3411,'Thermodynamics',3,'PENG'),(1702,3413,'Heat Transfer',3,'PENG'),(1703,3415,'Principles of Energy Engineering',3,'PENG'),(1704,3420,'Corrosion and Oxidation Protection',3,'PENG'),(1705,3421,'Hydrogen and Fuel cells',3,'PENG'),(1706,4015,'Exploration Methods',3,'PENG'),(1707,4121,'Drilling Engineering II',3,'PENG'),(1708,4123,'Drilling Fluids Engineering',3,'PENG'),(1709,4125,'Advanced Well Construction',3,'PENG'),(1710,4223,'Reservoir Simulation and Modeling',3,'PENG'),(1711,4224,'Well Testing',3,'PENG'),(1712,4225,'Secondary and Tertiary Recovery',3,'PENG'),(1713,4226,'Petroleum Economics',3,'PENG'),(1714,4227,'Reservoir Description and Characterization',3,'PENG'),(1715,4229,'Unconventional Reservoirs',3,'PENG'),(1716,4313,'Oil and Gas Transmission and Storage',3,'PENG'),(1717,4320,'Artificial Lift Methods',3,'PENG'),(1718,4323,'Petroleum Refining',3,'PENG'),(1719,4325,'Well Stimulation',3,'PENG'),(1720,4330,'Health, Safety, Environment and Professional Ethics',3,'PENG'),(1721,4421,'Renewable and Alternative Energy',3,'PENG'),(1722,4422,'Energy conversion and materials',3,'PENG'),(1723,4423,'Energy and the Environment',3,'PENG'),(1724,4425,'Environmental Protection & Chemical Pollution',3,'PENG'),(1725,4427,'Ground Water Hydrology and Contamination',3,'PENG'),(1726,4428,'Greenhouse Technology and Emission Reduction',3,'PENG'),(1727,4429,'Principles of Nuclear Engineering',3,'PENG'),(1728,4525,'Petrochemical Technology',3,'PENG'),(1729,4920,'Independent Studies in Petroleum and Energy Engineering',NULL,'PENG'),(1730,4930,'Selected Topics in Petroleum and Energy Engineering',NULL,'PENG'),(1731,4950,'Industrial Training',1,'PENG'),(1732,4980,'Senior Project I',1,'PENG'),(1733,4981,'Senior Project II',2,'PENG'),(1734,5112,'Well Control',3,'PENG'),(1735,5131,'Applied PVT and EOS Modelling',3,'PENG'),(1736,5134,'Reservoir Management',3,'PENG'),(1737,5136,'Advanced Reservoir Simulation',3,'PENG'),(1738,5141,'Advanced formation evaluation',3,'PENG'),(1739,5142,'Cased-hole logging',3,'PENG'),(1740,5144,'Geostatistics',3,'PENG'),(1741,5211,'Advanced Drilling',3,'PENG'),(1742,5221,'Advanced Production Engineering',3,'PENG'),(1743,5222,'Petroleum Assets Evaluation',3,'PENG'),(1744,5232,'Advanced Well Testing',3,'PENG'),(1745,5233,'Enhanced Oil Recovery',3,'PENG'),(1746,5235,'Compositional Simulation',3,'PENG'),(1747,5243,'Applied Techniques in Unconventional Reservoirs',3,'PENG'),(1748,5251,'Selected Topics in Fundamentals of Petroleum Engineering',NULL,'PENG'),(1749,5252,'Selected Advanced Topics in Petroleum Engineering',3,'PENG'),(1750,5253,'Independent Study',3,'PENG'),(1751,5254,'Research Guidance Thesis',3,'PENG'),(1752,5255,'Capstone Project',3,'PENG'),(1753,6291,'Advanced Research Seminar',1,'PHDS'),(1754,6216,'Design and analysis of Experiments',3,'PHDE'),(1755,6291,'Advanced Research Seminar',1,'PHDE'),(1756,2010,'Truth, Lies, and Logical Reasoning',3,'PHIL'),(1757,2099,'Selected Topics for Core Curriculum',3,'PHIL'),(1758,2100,'Philosophical Thinking',3,'PHIL'),(1759,2112,'Philosophy of Religion',3,'PHIL'),(1760,2113,'Introduction to Ethics',3,'PHIL'),(1761,2117,'Political Philosophy',3,'PHIL'),(1762,2200,'Philosophy and Globalization',3,'PHIL'),(1763,3010,'Philosophy and Art',3,'PHIL'),(1764,3014,'Literature and Philosophy',3,'PHIL'),(1765,3015,'Islamic Philosophy',3,'PHIL'),(1766,3016,'American Philosophy',3,'PHIL'),(1767,3017,'Philosophy of Science and Technology',3,'PHIL'),(1768,3101,'Classical Philosophy',3,'PHIL'),(1769,3102,'Modern Philosophy',3,'PHIL'),(1770,3104,'Metaphysics and Epistemology',3,'PHIL'),(1771,3200,'Philosophy of History',3,'PHIL'),(1772,5100,'Independent Study in Philosophy',NULL,'PHIL'),(1773,5101,'Advanced Seminar in Classical Philosophy',3,'PHIL'),(1774,5104,'Selected Topics in Contemporary Philosophy',3,'PHIL'),(1775,5109,'Applied Ethics',3,'PHIL'),(1776,5112,'Advanced Seminar in Aesthetics',3,'PHIL'),(1777,5117,'Philosophy of Language',3,'PHIL'),(1778,5120,'Advanced Seminar in Feminist Philosophy',3,'PHIL'),(1779,5121,'Philosophical Logic',3,'PHIL'),(1780,5122,'Advanced Seminar in Islamic Philosophy',3,'PHIL'),(1781,5123,'Kant and Idealism',3,'PHIL'),(1782,5124,'Advanced Seminar in Phenomenology',3,'PHIL'),(1783,5130,'Philosophy of Mind',3,'PHIL'),(1784,5150,'Philosophy and Film',3,'PHIL'),(1785,5199,'Selected Topics in Philosophy',3,'PHIL'),(1786,5299,'Research Guidance and Thesis',0,'PHIL'),(1787,1001,'Physics for Poets',3,'PHYS'),(1788,1011,'Classical Mechanics, Sound and Heat',3,'PHYS'),(1789,1012,'General Physics Laboratory I',1,'PHYS'),(1790,1021,'Electricity and Magnetism',3,'PHYS'),(1791,1022,'General Physics Laboratory II',1,'PHYS'),(1792,1930,'Selected Topic for Core Curriculum',3,'PHYS'),(1793,2041,'Foundations of Modern Physics',3,'PHYS'),(1794,2042,'Modern Physics Laboratory',1,'PHYS'),(1795,2211,'Introduction to Electronics',3,'PHYS'),(1796,2212,'Electronics Laboratory',2,'PHYS'),(1797,2213,'Electronics lab for Computer Scientists & Computer Engineers',1,'PHYS'),(1798,2221,'Waves and Optics',3,'PHYS'),(1799,2222,'Optics Laboratory',1,'PHYS'),(1800,3013,'Theoretical Mechanics',3,'PHYS'),(1801,3023,'Electromagnetic Theory',3,'PHYS'),(1802,3031,'Thermodynamics and Statistical Mechanics',3,'PHYS'),(1803,3052,'Nuclear Physics Lab',1,'PHYS'),(1804,3071,'General Relativity and Cosmology',3,'PHYS'),(1805,3223,'Advanced Optics',3,'PHYS'),(1806,3232,'Solid-State Physics Lab',2,'PHYS'),(1807,3241,'Computational Methods in Physics',3,'PHYS'),(1808,4042,'Quantum Mechanics I',3,'PHYS'),(1809,4043,'Quantum Mechanics II',3,'PHYS'),(1810,4051,'Nuclear and Particle Physics',3,'PHYS'),(1811,4224,'Photonics',3,'PHYS'),(1812,4225,'Photonics and Optical Communication Laboratory',1,'PHYS'),(1813,4231,'Introduction to Solid-State Physics',3,'PHYS'),(1814,4233,'Semiconductor Physics',3,'PHYS'),(1815,4234,'Solar Energy Lab',1,'PHYS'),(1816,4241,'Introduction to Solar Energy',3,'PHYS'),(1817,4242,'Introduction to Nanophysics',3,'PHYS'),(1818,4243,'Physics of Solar Energy Conversion Nanosystems',3,'PHYS'),(1819,4244,'Introduction to Nanotechnology',3,'PHYS'),(1820,4281,'Experimental Methods in Physics',3,'PHYS'),(1821,4910,'Independent Study',NULL,'PHYS'),(1822,4930,'Selected Topics in Physics',3,'PHYS'),(1823,4980,'Research Skills',1,'PHYS'),(1824,4981,'Senior Thesis',2,'PHYS'),(1825,5013,'Classical Mechanics',3,'PHYS'),(1826,5023,'Classical Electrodynamics I',3,'PHYS'),(1827,5024,'Fundamentals of Microwaves',3,'PHYS'),(1828,5032,'Advanced Thermodynamics and Statistical Mechanics',3,'PHYS'),(1829,5043,'Advanced Quantum Mechanics',3,'PHYS'),(1830,5061,'Mathematical Physics',3,'PHYS'),(1831,5207,'Advanced Nanophysics',3,'PHYS'),(1832,5235,'Solid State Physics I',3,'PHYS'),(1833,5236,'Advanced Semiconductor Physics',3,'PHYS'),(1834,5237,'Solid State Physics II',3,'PHYS'),(1835,5242,'Computational Physics',3,'PHYS'),(1836,5277,'MEMS/NEMS Technology and Devices',3,'PHYS'),(1837,5282,'Advanced Experimental Techniques',3,'PHYS'),(1838,5910,'Independent Studies',NULL,'PHYS'),(1839,5930,'Selected topics in Physics',3,'PHYS'),(1840,5980,'Research Guidance and Thesis',6,'PHYS'),(1841,6025,'Classical Electrodynamics II',3,'PHYS'),(1842,6121,'Nanophotonics',3,'PHYS'),(1843,6225,'Integrated Photonics',3,'PHYS'),(1844,6243,'Computational Electromagnetics',3,'PHYS'),(1845,6930,'Advanced Selected Topics in Physics',3,'PHYS'),(1846,1001,'Introduction to Political Science',3,'POLS'),(1847,1099,'Selected Topics in Political Science',3,'POLS'),(1848,2003,'Introduction to Political Science II',3,'POLS'),(1849,2096,'Selected Topics for Core Curriculum',3,'POLS'),(1850,2104,'Introduction to Research Methods in Political Science',3,'POLS'),(1851,2405,'History and International Politics',3,'POLS'),(1852,3201,'History of Political Theory l',3,'POLS'),(1853,3202,'History of Political Theory II',3,'POLS'),(1854,3401,'Introduction to Comparative Politics',3,'POLS'),(1855,3408,'Comparative Politics of the Middle East',3,'POLS'),(1856,3454,'Political and Social Thought in the Modern Arab World',3,'POLS'),(1857,3510,'Introduction to Development',3,'POLS'),(1858,3550,'Introduction to Political Economy',3,'POLS'),(1859,3620,'Introduction to International Relations Theories',3,'POLS'),(1860,4000,'The Discipline and Critical Social Theory',3,'POLS'),(1861,4018,'East- West Dialogue: Cross-Cultural Perceptions and Reflections',3,'POLS'),(1862,4030,'Seminar: Special Topics in Political Science for Undergraduates',3,'POLS'),(1863,4033,'Individual Study and Selected Reading',NULL,'POLS'),(1864,4035,'Political Sociology',3,'POLS'),(1865,4099,'Senior Year Thesis',3,'POLS'),(1866,4104,'Political Science Methods',3,'POLS'),(1867,4216,'Race, Class and Gender: Theorizing Political Identity',3,'POLS'),(1868,4217,'Cosmopolitanism and Global Justice',3,'POLS'),(1869,4226,'Contemporary Political Islam',3,'POLS'),(1870,4371,'Introduction to Public International Law',3,'POLS'),(1871,4372,'International Law in the Middle East',3,'POLS'),(1872,4373,'Special Topics in Public Law',3,'POLS'),(1873,4374,'Special Topics in Public International Law',3,'POLS'),(1874,4375,'Introduction to Egyptian and Islamic Law',3,'POLS'),(1875,4377,'Law and Development',3,'POLS'),(1876,4378,'Introduction to International Human Rights Law',3,'POLS'),(1877,4403,'American Government and Politics',3,'POLS'),(1878,4405,'Comparative Politics of Contemporary Africa',3,'POLS'),(1879,4420,'Issues in Middle East Politics',3,'POLS'),(1880,4422,'Contemporary Egypt',3,'POLS'),(1881,4423,'Comparative Government and Politics: Developing Systems',3,'POLS'),(1882,4424,'Comparative Government and Politics in Contemporary Eastern Europe and Russia',3,'POLS'),(1883,4425,'Government and Politics of Egypt',3,'POLS'),(1884,4432,'Seminar: Comparative Politics and/or Policies',3,'POLS'),(1885,4435,'The State and Society',3,'POLS'),(1886,4437,'Comparative Politics of Asia',3,'POLS'),(1887,4438,'Modern China',3,'POLS'),(1888,4439,'Comparative Politics of the Modern Caucasus and Central Asia',3,'POLS'),(1889,4444,'Comparative Politics of Latin America',3,'POLS'),(1890,4470,'The Politics of Human Rights',3,'POLS'),(1891,4480,'Israeli Politics and Society',3,'POLS'),(1892,4481,'The Politics of Palestinian-Israeli Relations',3,'POLS'),(1893,4502,'Political Economy of Egypt and the Middle East',3,'POLS'),(1894,4513,'International Financial Institutions',3,'POLS'),(1895,4523,'The Political Economy of Poverty and Inequality',3,'POLS'),(1896,4525,'Global Political Economy',3,'POLS'),(1897,4526,'Political Economy of the Global South',3,'POLS'),(1898,4542,'Environmental Politics',3,'POLS'),(1899,4550,'Business -Government Relations',3,'POLS'),(1900,4551,'Theories of Political Economy',3,'POLS'),(1901,4560,'Development Studies Seminar',3,'POLS'),(1902,4565,'Special Topics in Development and Political Economy',3,'POLS'),(1903,4605,'International Politics of the Middle East',3,'POLS'),(1904,4608,'Critical Approaches to International Relations and the Global South',3,'POLS'),(1905,4609,'International Organizations',3,'POLS'),(1906,4610,'Global Security',3,'POLS'),(1907,4611,'Comparative Foreign Policy Analysis',3,'POLS'),(1908,4614,'Egyptian Foreign Policy',3,'POLS'),(1909,4615,'U.S. Foreign Policy',3,'POLS'),(1910,4640,'Seminar: Special Topics in International Relations for Undergraduates',3,'POLS'),(1911,5130,'Seminar: Special Topics in Political Science for both Undergraduates and Graduates',3,'POLS'),(1912,5140,'Seminar: Special Topics in International Relations for both Undergraduates and Graduates',3,'POLS'),(1913,5201,'Comparative Theory',3,'POLS'),(1914,5202,'Scope and Method of Developmental Analysis',3,'POLS'),(1915,5203,'International Relations Theories',3,'POLS'),(1916,5204,'Advanced Political Science Methods',3,'POLS'),(1917,5205,'Identity, Culture and Norms in World Politics',3,'POLS'),(1918,5206,'Foundations of Political Philosophy',3,'POLS'),(1919,5208,'Critical Approaches to International Relations Theories',3,'POLS'),(1920,5209,'Race, Gender, and Sexuality in International Relations',3,'POLS'),(1921,5210,'Global Governance and World Order(s)',3,'POLS'),(1922,5220,'Protracted Social Conflicts',3,'POLS'),(1923,5225,'International Political Economy',3,'POLS'),(1924,5226,'The Political Economy of Regionalism',3,'POLS'),(1925,5230,'Regime Change and Democratization',3,'POLS'),(1926,5233,'Middle East Conflicts',3,'POLS'),(1927,5236,'Contemporary Issues in Political Islam',3,'POLS'),(1928,5237,'Modern Islamic Political Thought',3,'POLS'),(1929,5240,'Politics of Modern Egypt',3,'POLS'),(1930,5244,'Comparative Politics of Europe',3,'POLS'),(1931,5245,'Development Politics and International Cooperation',3,'POLS'),(1932,5250,'Comparative Politics of Asia',3,'POLS'),(1933,5251,'Comparative Politics of Africa',3,'POLS'),(1934,5252,'Arab-American Relations',3,'POLS'),(1935,5254,'Comparative Foreign Policy: Theories and Applications',3,'POLS'),(1936,5255,'Conflict and Security in Global Politics',3,'POLS'),(1937,5258,'Comparative Politics of the Middle East',3,'POLS'),(1938,5261,'Public Policy and Development',3,'POLS'),(1939,5262,'International Development Organizations',3,'POLS'),(1940,5270,'Special Topics in Political Science for Graduates',3,'POLS'),(1941,5271,'Seminar: Special Topics in International Relations for Graduates',3,'POLS'),(1942,5280,'Independent Study and Readings',3,'POLS'),(1943,5285,'Project Seminar',3,'POLS'),(1944,5286,'Skills in Development Practice and Internships',3,'POLS'),(1945,5299,'Research Guidance and Thesis',0,'POLS'),(1946,2101,'Statistics for Business',3,'OPMG'),(1947,3201,'Operations for Competitive Advantage',3,'OPMG'),(1948,4102,'Quantitative Approach to Management',3,'OPMG'),(1949,4202,'Production/Operations Management II',3,'OPMG'),(1950,4203,'Business Process Management and Simulation',3,'OPMG'),(1951,4204,'Service Operations and Strategy',3,'OPMG'),(1952,4301,'Supply Chain Management',3,'OPMG'),(1953,4970,'Special Topics in Production / Operation Management',3,'OPMG'),(1954,4975,'Independent Study in Production/Operation Management',NULL,'OPMG'),(1955,5201,'Introduction to Business Statistics',3,'OPMG'),(1956,5202,'Operations Management for Competitive Advantage',3,'OPMG'),(1957,5301,'Managing and Coordinating Supply Chains',3,'OPMG'),(1958,5302,'Managing Dynamic Projects',3,'OPMG'),(1959,5303,'Data Analysis',3,'OPMG'),(1960,5305,'Operations Strategy',3,'OPMG'),(1961,5306,'Business Dynamics',3,'OPMG'),(1962,5370,'Selected Topics in Operations Management',3,'OPMG'),(1963,5375,'Independent Study in Operations Management',NULL,'OPMG'),(1964,1000,'Introduction to Psychology',3,'PSYC'),(1965,1098,'Fundamentals of Neurosciences',4,'PSYC'),(1966,2000,'Introduction to Psychological Statistics',3,'PSYC'),(1967,2099,'Selected Topics in Psychology',3,'PSYC'),(1968,2100,'Research Methods for Psychology',4,'PSYC'),(1969,2201,'Introduction to Community Development',3,'PSYC'),(1970,3002,'Personal Growth and Adjustment',3,'PSYC'),(1971,3003,'Community Psychology',3,'PSYC'),(1972,3010,'Social Psychology',3,'PSYC'),(1973,3011,'Educational Psychology',3,'PSYC'),(1974,3021,'Psychology of Love and Attraction in Egypt',3,'PSYC'),(1975,3022,'Psychology of Inclusion and Exclusion in Egypt',3,'PSYC'),(1976,3040,'Lifespan Development',3,'PSYC'),(1977,3080,'Cognitive Psychology',3,'PSYC'),(1978,3130,'Learning and Behavioral Psychology',3,'PSYC'),(1979,3202,'Participatory Action Research in Community Settings',3,'PSYC'),(1980,3270,'Theories of Personality',3,'PSYC'),(1981,3420,'Abnormal Psychology',3,'PSYC'),(1982,3800,'Biopsychology',3,'PSYC'),(1983,4001,'Supervised Research in Psychology',NULL,'PSYC'),(1984,4002,'Independent Study',NULL,'PSYC'),(1985,4011,'Cultural Psychology',3,'PSYC'),(1986,4012,'Psychology of Gender',3,'PSYC'),(1987,4013,'Psychology of Trauma',3,'PSYC'),(1988,4014,'Child Psychology',3,'PSYC'),(1989,4015,'Psychological Anthropology',3,'PSYC'),(1990,4016,'Introduction to Forensic Psychology',3,'PSYC'),(1991,4022,'Industrial/Organizational Psychology',3,'PSYC'),(1992,4030,'History and Systems of Psychology',3,'PSYC'),(1993,4062,'Clinical Psychology',3,'PSYC'),(1994,4063,'Advanced Community Psychology',3,'PSYC'),(1995,4098,'Selected Topics in Neuroscience',3,'PSYC'),(1996,4099,'Selected Topics in Psychology',3,'PSYC'),(1997,4150,'Psychological Testing and Assessment',3,'PSYC'),(1998,4203,'Practicum in Community Development',3,'PSYC'),(1999,5000,'Research Methods and Inferential Statistics for Psychology',3,'PSYC'),(2000,5122,'Physiological Psychology',3,'PSYC'),(2001,5200,'Fundamentals of Counseling',3,'PSYC'),(2002,5202,'Advanced Lifespan Development',3,'PSYC'),(2003,5203,'Community Collaboration and Assessment',3,'PSYC'),(2004,5205,'Psychology in the Schools',3,'PSYC'),(2005,5206,'International and Multicultural Psychology',3,'PSYC'),(2006,5209,'Independent Study and Guided Readings',NULL,'PSYC'),(2007,5210,'Community Psychology and Systems Theory',3,'PSYC'),(2008,5220,'Applied Research Design and Statistical Analysis',3,'PSYC'),(2009,5226,'Seminar in Cross-Cultural Family Studies',3,'PSYC'),(2010,5230,'Ethics and Professional Issues',3,'PSYC'),(2011,5233,'Program Evaluation',3,'PSYC'),(2012,5241,'Theories of Counseling and Psychotherapy',3,'PSYC'),(2013,5243,'Prevention and Intervention in Communities',3,'PSYC'),(2014,5251,'Psychological Assessment',3,'PSYC'),(2015,5253,'Consultation to Non-Profit Organizations',3,'PSYC'),(2016,5255,'Assessment and Evaluation for Learning Enrichment',3,'PSYC'),(2017,5256,'Special Topics in Psychology',3,'PSYC'),(2018,5261,'Psychopathology and Resilience across Cultures',3,'PSYC'),(2019,5264,'Practicum I in Counseling Psychology',3,'PSYC'),(2020,5265,'Applied Projects in Inclusive Education',3,'PSYC'),(2021,5270,'Group Work',3,'PSYC'),(2022,5271,'Career Development and Counseling',3,'PSYC'),(2023,5274,'Practicum II in Counseling Psychology',3,'PSYC'),(2024,5281,'Couples Counseling and Human Sexuality',3,'PSYC'),(2025,5283,'Internship in Community Psychology',3,'PSYC'),(2026,5284,'Internship in  Counseling Psychology',6,'PSYC'),(2027,5299,'Research Guidance and Thesis',3,'PSYC'),(2028,2099,'Selected Topics for the Core Curriculum',3,'PPAD'),(2029,3198,'Management in Government',3,'PPAD'),(2030,4111,'Introduction of Public Policy and Administration',3,'PPAD'),(2031,4113,'Selected Topics in Global and Public Affairs',3,'PPAD'),(2032,5111,'Essentials of Public Policy and Administration',3,'PPAD'),(2033,5113,'Organizational Behavior for Government and Nonprofit Management',3,'PPAD'),(2034,5114,'Management of Development Programs',3,'PPAD'),(2035,5122,'Administrative Environment and Public Policy in Egypt and the Middle East',3,'PPAD'),(2036,5123,'Governance, Accountability, and Stakeholder Negotiations',3,'PPAD'),(2037,5124,'Leadership and Communication for Public Affairs',3,'PPAD'),(2038,5125,'Citizen-centered government',3,'PPAD'),(2039,5126,'Managing NGOs in Developing and Transitional Countries',3,'PPAD'),(2040,5127,'Reforming Delivery of Social Services',3,'PPAD'),(2041,5128,'Corporate Social Responsibility and NGO Partnerships',3,'PPAD'),(2042,5129,'Globalization and Development',3,'PPAD'),(2043,5131,'Government Finance for Policy Analysis',3,'PPAD'),(2044,5132,'Social and Environmental Policy',3,'PPAD'),(2045,5133,'Global Health Issues and Policies',3,'PPAD'),(2046,5134,'Government Regulation of Business and Investment',3,'PPAD'),(2047,5135,'Promotion of Local Economic Development',3,'PPAD'),(2048,5136,'Gender in Public Policy and Administration',3,'PPAD'),(2049,5141,'Policy for Sustainable Cities',3,'PPAD'),(2050,5142,'Greening the Built Environment',3,'PPAD'),(2051,5143,'Urban Infrastructure Development for Sustainability',3,'PPAD'),(2052,5151,'Issues in International Security',3,'PPAD'),(2053,5152,'Conflict Prevention and Resolution',3,'PPAD'),(2054,5153,'Armament, Arms Control and Disarmament',3,'PPAD'),(2055,5154,'Contemporary Security Issues in the Middle East',3,'PPAD'),(2056,5155,'Governance of the Global Economy',3,'PPAD'),(2057,5156,'Multilateral and Bilateral Cooperation for Development',3,'PPAD'),(2058,5161,'Diplomacy: Theory and Practice',3,'PPAD'),(2059,5168,'Proposal Writing and Grant Management for Nonprofit Organizations',3,'PPAD'),(2060,5169,'Issues in Social Entrepreneurship',3,'PPAD'),(2061,5170,'Volunteer Management',3,'PPAD'),(2062,5171,'International and Comparative Human Resources Management',3,'PPAD'),(2063,5172,'Compensation Management',3,'PPAD'),(2064,5173,'Public Administration, Technology, and Innovation',3,'PPAD'),(2065,5174,'Internship in Public and Non-Profit Organizations',3,'PPAD'),(2066,5175,'Independent Study in Public Policy and Administration',NULL,'PPAD'),(2067,5178,'Program Evaluation',3,'PPAD'),(2068,5179,'Big Data Analytics for Public Policy',3,'PPAD'),(2069,5180,'Introduction to Data Analytics',3,'PPAD'),(2070,5181,'Public Policy Theory and Practice',3,'PPAD'),(2071,5198,'Practicum',3,'PPAD'),(2073,5199,'Special Topics in Public Policy and Administration',NULL,'PPAD'),(2074,5201,'Research Methods for Public Policy and Administration',3,'PPAD'),(2075,5202,'Public Policy Theory & Practice',3,'PPAD'),(2076,5211,'Qualitative Analysis for Policy and Administration',3,'PPAD'),(2077,5212,'Applied Quantitative Analysis',3,'PPAD'),(2078,5221,'Strategic Management for Government and Nonprofit Organizations',3,'PPAD'),(2079,5222,'Fundamentals of Financial Planning and Management for Government and Nonprofit Organizations',3,'PPAD'),(2080,5223,'International Models of Public Management',3,'PPAD'),(2081,5224,'Human Resource Management for Government and Nonprofit Organizations',3,'PPAD'),(2082,5225,'Regionalism and Regional Integration',3,'PPAD'),(2083,5231,'Economics for Public Policy Analysis',3,'PPAD'),(2084,5232,'Role of Government in a Market-Oriented Economy',3,'PPAD'),(2085,5251,'International Organization in Global Governance',3,'PPAD'),(2086,5252,'Theory and Practice of Negotiation',3,'PPAD'),(2087,5258,'Role of Force: Strategy and Statecraft',3,'PPAD'),(2088,5288,'Comprehensives',1,'PPAD'),(2089,5293,'Capstone Project',0,'PPAD'),(2090,5298,'Research Seminar',0,'PPAD'),(2091,5299,'Research Guidance',0,'PPAD'),(2092,1000,'Approaches to Critical Writing',3,'RHET'),(2093,1010,'Freshman Writing',3,'RHET'),(2094,1020,'Research Writing',3,'RHET'),(2095,1099,'Selected Topics',3,'RHET'),(2096,1100,'Effective Argument',3,'RHET'),(2097,2010,'Research Writing',3,'RHET'),(2098,2099,'Selected Topics',3,'RHET'),(2099,3099,'Selected Topics',3,'RHET'),(2100,3110,'The Writer\'s Workshop',3,'RHET'),(2101,3120,'Life Narratives',3,'RHET'),(2102,3130,'Travel Writing',3,'RHET'),(2103,3140,'Writing Children\'s Literature',3,'RHET'),(2104,3150,'Poetry Writing',3,'RHET'),(2105,3160,'Fiction writing',3,'RHET'),(2106,3210,'Business Communication',3,'RHET'),(2107,3220,'Public Speaking',3,'RHET'),(2108,3230,'Technical Communication',3,'RHET'),(2109,3240,'Principles of Mediation and Negotiation',3,'RHET'),(2110,3250,'Digital Rhetoric',3,'RHET'),(2111,3310,'Discourse and Power',3,'RHET'),(2112,3320,'Writing in the Social Sciences',3,'RHET'),(2113,3330,'Words that Change the World',3,'RHET'),(2114,3340,'Making Your Case: The Art of Persuasion',3,'RHET'),(2115,3350,'Writing and Cognition: The Mind and the Machine',3,'RHET'),(2116,4060,'Independent Study',NULL,'RHET'),(2117,4160,'Imagining the Book',3,'RHET'),(2118,4260,'Writing for Project Funding',3,'RHET'),(2119,4270,'Research and Writing Internship',3,'RHET'),(2120,4280,'Advanced Scientific and Technical Writing',3,'RHET'),(2121,4360,'Writing for Publication',3,'RHET'),(2122,5201,'Robotics: Kinematics, Dynamics and Control',3,'RCSS'),(2123,5202,'Embedded Real Time Systems',3,'RCSS'),(2124,5203,'Modern Control Design',3,'RCSS'),(2125,5204,'Applied Estimation',3,'RCSS'),(2126,5221,'Intelligent and Autonomous Robotic Systems',3,'RCSS'),(2127,5222,'Mechatronics Innovations and Experimental Robotics',3,'RCSS'),(2128,5223,'Bioinspired Robotics and Multi Robotic Systems',3,'RCSS'),(2129,5224,'Robotics and Intelligent Automated Manufacturing',3,'RCSS'),(2130,5231,'Teleoperation, Haptic Systems and Collaborative Control',3,'RCSS'),(2131,5232,'Robust and Optimal Control',3,'RCSS'),(2132,5233,'Nonlinear and Adaptive Control',3,'RCSS'),(2133,5234,'Networked Control Systems: Design and Applications',3,'RCSS'),(2134,5241,'Smart Systems and Computational Intelligence',3,'RCSS'),(2135,5242,'MEMS/NEMS Technology and Devices',3,'RCSS'),(2136,5243,'Image Analysis and Computer Vision',3,'RCSS'),(2137,5244,'Sensors, Perception and Smart Systems',3,'RCSS'),(2138,5245,'Advanced Artificial Intelligence',3,'RCSS'),(2139,5930,'Selected Topics in RCSS',3,'RCSS'),(2140,5980,'Capstone Project',3,'RCSS'),(2141,5989,'Research Guidance Thesis',3,'RCSS'),(2142,6930,'Advanced Selected Topics in Robotics, Control and Smart Systems (RCSS)',3,'RCSS'),(2143,6980,'Research Guidance Dissertation',3,'RCSS'),(2144,1099,'Selected Topics for Core Curriculum',3,'SOC'),(2145,2005,'Arab Society',3,'SOC'),(2146,2099,'Selected Topics for Core Curriculum',3,'SOC'),(2147,2101,'Introduction to Sociology',3,'SOC'),(2148,2201,'Introduction to Community Development',3,'SOC'),(2149,2301,'Social Problems of the Middle East',3,'SOC'),(2150,2302,'Arab Family Structure and Dynamics',3,'SOC'),(2151,3010,'Social Psychology',3,'SOC'),(2152,3025,'Development Agencies',3,'SOC'),(2153,3030,'Sociology of Literature',3,'SOC'),(2154,3045,'The Urban Experience',3,'SOC'),(2155,3050,'Rural Sociology',3,'SOC'),(2156,3055,'Fundamentals of Population Studies',3,'SOC'),(2157,3060,'Social Constructions of Difference: Race, Class and Gender',3,'SOC'),(2158,3085,'Environmental Issues in Egypt',3,'SOC'),(2159,3102,'History of Social Theory',3,'SOC'),(2160,3103,'Social Statistics',3,'SOC'),(2161,3104,'Contemporary Sociological Theory',3,'SOC'),(2162,3105,'Doing Survey Research in the Social Sciences',3,'SOC'),(2163,3202,'Participatory Action Research in Community Settings',3,'SOC'),(2164,3303,'Social Movements',3,'SOC'),(2165,3304,'Social Class and Inequality',3,'SOC'),(2166,3305,'Selected Topics in Sociology',3,'SOC'),(2167,4005,'Sociology of Work',3,'SOC'),(2168,4010,'Educational Sociology',3,'SOC'),(2169,4020,'Criminology',3,'SOC'),(2170,4025,'Religion in a Global World',3,'SOC'),(2171,4035,'Political Sociology',3,'SOC'),(2172,4040,'Gender and Power in Development',3,'SOC'),(2173,4055,'Seminar in African Studies',3,'SOC'),(2174,4099,'Selected Topics in Sociology',3,'SOC'),(2175,4106,'Critical Approaches to Development',3,'SOC'),(2176,4107,'Senior Seminar',3,'SOC'),(2177,4203,'Practicum in Community Development',3,'SOC'),(2178,4405,'Independent Study',3,'SOC'),(2179,4499,'Selected Topics in Coptic Studies',3,'SOC'),(2180,4560,'Development Studies Seminar',3,'SOC'),(2181,5200,'Introduction to Migration and Refugee Studies',3,'ANTH'),(2182,5201,'Classical Social Thought',3,'ANTH'),(2183,5203,'Ethnographic Fieldwork',3,'ANTH'),(2184,5204,'Survey Research',3,'ANTH'),(2185,5208,'Special Topics in Migration and Refugee Issues',3,'ANTH'),(2186,5209,'Migration, Integration and Citizenship',3,'ANTH'),(2187,5210,'Problems in Sociology-Anthropology',3,'ANTH'),(2188,5215,'Kin, Friends and Neighbors',3,'ANTH'),(2189,5220,'Gender and Sexuality',3,'ANTH'),(2190,5225,'Religion, Ideology and Society',3,'ANTH'),(2191,5230,'Theorizing the State',3,'ANTH'),(2192,5235,'Maintaining Systems of Global Inequality',3,'ANTH'),(2193,5240,'Revisiting the Rural',3,'ANTH'),(2194,5245,'Cities: Structure and Dynamics',3,'ANTH'),(2195,5250,'Sociology of Knowledge',3,'ANTH'),(2196,5255,'Comparative Health and Healing Systems',3,'ANTH'),(2197,5260,'Population Dynamics',3,'ANTH'),(2198,5265,'Ethnicity, Identity and Nationalism',3,'ANTH'),(2199,5270,'Environment and Society',3,'ANTH'),(2200,5275,'Modern Social Movements',3,'ANTH'),(2201,5280,'History and Memory',3,'ANTH'),(2202,5285,'Social and Cultural Dynamics in Contemporary Egypt',3,'ANTH'),(2203,5290,'Middle Eastern Societies and Cultures',3,'ANTH'),(2204,5295,'Reading Capital',3,'ANTH'),(2205,5297,'Independent Study and Readings',3,'ANTH'),(2206,5298,'Thesis Writing Seminar',3,'ANTH'),(2207,5299,'Research Guidance and Thesis',0,'ANTH'),(2208,5201,'Global Changes and Sustainable Development',3,'GREN'),(2209,5202,'Engineering for a Sustainable Environment',3,'GREN'),(2210,5203,'Core Concepts & Applications for Social & Environmental Policy',3,'GREN'),(2211,5204,'Entrepreneurship and Innovation',3,'GREN'),(2212,5205,'Environment and Society',3,'GREN'),(2213,5211,'Water Desalination',3,'GREN'),(2214,5213,'Solid and Hazardous Wastes Engineering',3,'GREN'),(2215,5214,'Green Buildings',3,'GREN'),(2216,5215,'Sustainability of Thermal Systems',3,'GREN'),(2217,5216,'Water-Energy-Food Nexus',3,'GREN'),(2218,5217,'Renewable Energy Systems',3,'GREN'),(2219,5218,'Sustainable Agriculture',3,'GREN'),(2220,5219,'Selected Topics in Green Technologies',3,'GREN'),(2221,5220,'Integrated Water Resources Management',3,'GREN'),(2222,5221,'Marketing Management',3,'GREN'),(2223,5222,'Strategic Management of Innovation',3,'GREN'),(2224,5223,'Managing in a Dynamic Environment',3,'GREN'),(2225,5224,'Financial Management',3,'GREN'),(2226,5231,'Policy for Sustainable Cities',3,'GREN'),(2227,5232,'Greening the Built Environment',3,'GREN'),(2228,5233,'Urban Infrastructure Development for Sustainability',3,'GREN'),(2229,5234,'Egyptian Environmental Law',3,'GREN'),(2230,5235,'Corporate Social Responsibility and NGO Partnerships',3,'GREN'),(2231,5236,'International Migration and Development',3,'GREN'),(2232,5244,'Cities: Structure and Dynamics',3,'GREN'),(2233,5245,'Community Assessment and Program Evaluation',3,'GREN'),(2234,5246,'Community Psychology and Systems Theory',3,'GREN'),(2235,5247,'Prevention and Intervention in Communities',3,'GREN'),(2236,5248,'Consultation to Non-Profit Organizations',3,'GREN'),(2237,5251,'Graduate Thesis Seminar I',2,'GREN'),(2238,5252,'Graduate Thesis Seminar II',1,'GREN'),(2239,5253,'Research Guidance Thesis',6,'GREN'),(2240,5281,'Sustainable Development Project Part One',3,'GREN'),(2241,5282,'Sustainable Development Project Part Two',3,'GREN'),(2242,5283,'Sustainable Development Project Part Three',3,'GREN'),(2243,5910,'Independent Study in Sustainable Development',3,'GREN'),(2244,5201,'Fundamentals of Curriculum Design, Theory, & Practice',3,'TEAL'),(2245,5202,'Learning Theory & Educational Psychology',3,'TEAL'),(2246,5203,'Social & Political Theories of Educational Practice',3,'TEAL'),(2247,5204,'Assessment of Student Learning',3,'TEAL'),(2248,5205,'Differentiation of Instruction for Diverse Learners',3,'TEAL'),(2249,5206,'Problem-based Instructional Models',3,'TEAL'),(2250,5207,'Promoting Independent & Lifelong Learners',3,'TEAL'),(2251,5208,'Teaching Capstone',3,'TEAL'),(2252,5209,'Teaching Portfolio',3,'TEAL'),(2253,1099,'Selected Topics for Core Curriculum',3,'THTR'),(2254,1101,'The World of the Theatre',3,'THTR'),(2255,1200,'Acting for Non-Majors',3,'THTR'),(2256,1201,'Theatre in the Making',3,'THTR'),(2257,2099,'Selected Topics for Core Curriculum',3,'THTR'),(2258,2201,'Acting I',3,'THTR'),(2259,2211,'Acting in Arabic I',3,'THTR'),(2260,2301,'Play Analysis',3,'THTR'),(2261,2401,'Introduction to Technical Theatre',3,'THTR'),(2262,2601,'Production Practicum',1,'THTR'),(2263,2603,'Rehearsal and Performance Practicum',1,'THTR'),(2264,3099,'Selected Topics in Theatre',3,'THTR'),(2265,3103,'Drama in Context I: Greeks to English Renaissance',3,'THTR'),(2266,3104,'Drama in Context II: Italian Renaissance to Modern',3,'THTR'),(2267,3105,'Drama in Context III: Modern and Contemporary',3,'THTR'),(2268,3201,'Acting II',3,'THTR'),(2269,3203,'Special Topics in Acting',3,'THTR'),(2270,3205,'Acting Styles',3,'THTR'),(2271,3207,'Movement for the Stage',3,'THTR'),(2272,3211,'Acting in Arabic II',3,'THTR'),(2273,3301,'Directing I',3,'THTR'),(2274,3401,'Design for the Theatre',3,'THTR'),(2275,3403,'Make Up for the Theatre',3,'THTR'),(2276,3501,'Playwriting I',3,'THTR'),(2277,3503,'Playwriting II',3,'THTR'),(2278,3601,'Advanced Theatre Practicum',3,'THTR'),(2279,3603,'Design Practicum',3,'THTR'),(2280,4000,'Independent Study',NULL,'THTR'),(2281,4103,'Dramatic Theory and Criticism',3,'THTR'),(2282,4110,'Theatrical and Dramatic Translation',3,'THTR'),(2283,4301,'Directing II',3,'THTR'),(2284,4404,'Scene Design',3,'THTR'),(2285,4405,'Stage Lighting',3,'THTR'),(2286,4406,'Costume Design for Theatre and Film',3,'THTR'),(2287,4701,'Senior Seminar',3,'THTR'),(2288,4703,'Senior Thesis',3,'THTR'),(2289,4705,'Senior Honors Project',3,'THTR'),(2290,5203,'Media Ethics and Social Responsibility',3,'TVDJ'),(2291,5207,'Practicum: TV or Special Video Assignment',3,'TVDJ'),(2292,5237,'TVDigital News Gathering and Script Writing',3,'TVDJ'),(2293,5239,'TV Presentation and Voice Coaching',3,'TVDJ'),(2294,5241,'Field and Studio Digital Camera Production',3,'TVDJ'),(2295,5242,'Digital Video Editing',3,'TVDJ'),(2296,5245,'TV Studio News Reporting',3,'TVDJ'),(2297,5246,'TV Digital Journalism Capstone',3,'TVDJ'),(2298,5290,'Special Topics',3,'TVDJ'),(2299,5217,'Translation: Theory and Practice',3,'TRST'),(2300,5218,'Translation and The Arab \"Renaissance\"',3,'TRST'),(2301,1099,'Selected Topics for Core Curriculum',3,'ARTV'),(2302,2113,'Introduction to Visual Cultures',3,'ARTV'),(2303,2200,'Art Foundations',3,'ARTV'),(2304,2201,'Introduction to Drawing',3,'ARTV'),(2305,2202,'Introduction to Painting',3,'ARTV'),(2306,2203,'Introduction to sculpture/Installation',3,'ARTV'),(2307,2204,'Introduction to Time-Based Media',3,'ARTV'),(2308,2206,'Experimental Animation Art',3,'ARTV'),(2309,2207,'Introduction to Ceramics',3,'ARTV'),(2310,2208,'Internship Practice',0,'ARTV'),(2311,2209,'Studio Professional Practice',0,'ARTV'),(2312,2210,'Experimental Workshop Practices',0,'ARTV'),(2313,2211,'Introduction to Experimental Comic Strips',3,'ARTV'),(2314,2214,'History of Art Practices I',3,'ARTV'),(2315,2230,'Introduction to Digital Photography',3,'ARTV'),(2316,3115,'Art Theory',3,'ARTV'),(2317,3270,'Selected Topics in Art',3,'ARTV'),(2318,3311,'Advanced Painting and Drawing',3,'ARTV'),(2319,3312,'Advanced Studio I',3,'ARTV'),(2320,3316,'History of Art Practices II',3,'ARTV'),(2321,4269,'Senior Project (A)',3,'ARTV'),(2322,4270,'Senior Project (B)',3,'ARTV'),(2323,4302,'Independent Study',NULL,'ARTV'),(2324,4311,'Advanced Studio II',3,'ARTV'),(2325,4312,'Advanced Studio III',3,'ARTV'),(2326,5110,'Contemporary issues in Arab Art',3,'ARTV'),(2327,101,'Intensive English- Intermed',NULL,'ELIN'),(2328,1023,'Experiencing Creativity: Epidemics in Literature and Film',NULL,'ECLT'),(2329,2641,'Chamber Music Ensembles',NULL,'MUSC'),(2330,2302,'Digital Audio / MIDI Lab',NULL,'MUSC'),(2331,2103,'Intermediate Arabic',NULL,'ALNG'),(2332,2104,'Intermediate Modern Stand Ar',NULL,'ALNG'),(2333,2101,'Intro to Entrep&Small Bus MGMT',NULL,'ENTR'),(2334,2101,'Intermediate Arabic',NULL,'ALNG'),(2340,1010,'Libraries and Learning Technologies',NULL,'LALT'),(2341,3102,'Entrepreneurship and Innovation',NULL,'ENTR');
/*!40000 ALTER TABLE `courses` ENABLE KEYS */;
UNLOCK TABLES;

--
-- Table structure for table `coursetypes`
--

DROP TABLE IF EXISTS `coursetypes`;
/*!40101 SET @saved_cs_client     = @@character_set_client */;
/*!40101 SET character_set_client = utf8 */;
CREATE TABLE `coursetypes` (
  `courseTypeId` int(11) NOT NULL AUTO_INCREMENT,
  `courseType` varchar(45) DEFAULT NULL,
  PRIMARY KEY (`courseTypeId`)
) ENGINE=InnoDB AUTO_INCREMENT=9 DEFAULT CHARSET=utf8;
/*!40101 SET character_set_client = @saved_cs_client */;

--
-- Dumping data for table `coursetypes`
--

LOCK TABLES `coursetypes` WRITE;
/*!40000 ALTER TABLE `coursetypes` DISABLE KEYS */;
INSERT INTO `coursetypes` VALUES (1,'Core Curriculum'),(2,'Concentration Requirements'),(3,'Major Electives'),(4,'Collateral Requirements'),(5,'Engineering Core Requirements'),(6,'General Electives'),(7,'Maths Elective'),(8,'Maths Elective or Major Elective');
/*!40000 ALTER TABLE `coursetypes` ENABLE KEYS */;
UNLOCK TABLES;

--
-- Table structure for table `majors`
--

DROP TABLE IF EXISTS `majors`;
/*!40101 SET @saved_cs_client     = @@character_set_client */;
/*!40101 SET character_set_client = utf8 */;
CREATE TABLE `majors` (
  `majorId` int(11) NOT NULL AUTO_INCREMENT,
  `majorTitle` varchar(125) DEFAULT NULL,
  `majorPrefix` varchar(16) DEFAULT NULL,
  PRIMARY KEY (`majorId`)
) ENGINE=InnoDB AUTO_INCREMENT=149 DEFAULT CHARSET=utf8;
/*!40101 SET character_set_client = @saved_cs_client */;

--
-- Dumping data for table `majors`
--

LOCK TABLES `majors` WRITE;
/*!40000 ALTER TABLE `majors` DISABLE KEYS */;
INSERT INTO `majors` VALUES (141,'Computer Engineering (B.S)','CSCE'),(142,'Computer Science (B.S)','CSCI');
/*!40000 ALTER TABLE `majors` ENABLE KEYS */;
UNLOCK TABLES;

--
-- Table structure for table `minors`
--

DROP TABLE IF EXISTS `minors`;
/*!40101 SET @saved_cs_client     = @@character_set_client */;
/*!40101 SET character_set_client = utf8 */;
CREATE TABLE `minors` (
  `minorId` int(11) NOT NULL AUTO_INCREMENT,
  `minorTitle` varchar(125) DEFAULT NULL,
  PRIMARY KEY (`minorId`)
) ENGINE=InnoDB AUTO_INCREMENT=53 DEFAULT CHARSET=utf8;
/*!40101 SET character_set_client = @saved_cs_client */;

--
-- Dumping data for table `minors`
--

LOCK TABLES `minors` WRITE;
/*!40000 ALTER TABLE `minors` DISABLE KEYS */;
INSERT INTO `minors` VALUES (1,'Accounting Minor'),(2,'American Studies Minor'),(3,'Anthropology Minor'),(4,'Applied Probability and Statistics Minor'),(5,'Arab and Islamic Civilizations Minor'),(6,'Arabic Literature Minor'),(7,'Arabic Writing and Reporting Minor'),(8,'Archaeological Chemistry Minor'),(9,'Architectural Design Minor'),(10,'Bioinformatics Minor'),(11,'Biology Minor'),(12,'Biomedical Sciences Minor'),(13,'Business Administration Minor'),(14,'Chemistry Minor'),(15,'Medieval Islamic History Minor'),(16,'Community Development and Organizing Minor'),(17,'Comparative Religion Minor'),(18,'Computer Science Minor'),(19,'Coptic Studies Minor'),(20,'Development Studies Minor'),(21,'Digital Media Minor'),(22,'Economics Minor'),(23,'Educational Studies Minor'),(24,'Egyptology Minor'),(25,'Electronics Minor'),(26,'English and Comparative Literature Minor'),(27,'Entrepreneurship Minor'),(28,'Environmental Science Minor'),(29,'Film Minor'),(30,'Financial Mathematics Minor'),(31,'Global and Public Affairs Minor'),(32,'History Minor'),(33,'Information Systems Minor'),(34,'International Relations Minor'),(35,'Islamic Art and Architecture Minor'),(36,'Islamic Studies Minor'),(37,'Journalism and Mass Communication Minor'),(38,'Linguistics Minor'),(39,'Mathematics Minor'),(40,'Middle East Politics Minor'),(41,'Music Minor'),(42,'Music Technology Minor'),(43,'Petroleum Engineering Minor'),(44,'Philosophy Minor'),(45,'Physics Minor'),(46,'Political Economy Minor'),(47,'Political Science Minor'),(48,'Psychology Minor'),(49,'Sociology Minor'),(50,'Theatre Minor'),(51,'Type Design Minor'),(52,'Writing Minor');
/*!40000 ALTER TABLE `minors` ENABLE KEYS */;
UNLOCK TABLES;

--
-- Table structure for table `paces`
--

DROP TABLE IF EXISTS `paces`;
/*!40101 SET @saved_cs_client     = @@character_set_client */;
/*!40101 SET character_set_client = utf8 */;
CREATE TABLE `paces` (
  `paceId` int(11) NOT NULL AUTO_INCREMENT,
  `paceTitle` varchar(225) DEFAULT NULL,
  PRIMARY KEY (`paceId`)
) ENGINE=InnoDB AUTO_INCREMENT=4 DEFAULT CHARSET=utf8;
/*!40101 SET character_set_client = @saved_cs_client */;

--
-- Dumping data for table `paces`
--

LOCK TABLES `paces` WRITE;
/*!40000 ALTER TABLE `paces` DISABLE KEYS */;
INSERT INTO `paces` VALUES (1,'normal'),(2,'slow'),(3,'fast');
/*!40000 ALTER TABLE `paces` ENABLE KEYS */;
UNLOCK TABLES;

--
-- Table structure for table `plancourses`
--

DROP TABLE IF EXISTS `plancourses`;
/*!40101 SET @saved_cs_client     = @@character_set_client */;
/*!40101 SET character_set_client = utf8 */;
CREATE TABLE `plancourses` (
  `catalogId` int(11) NOT NULL,
  `courseId` int(11) NOT NULL,
  `semesterNumber` int(11) NOT NULL,
  KEY `fk_planCourses_2` (`catalogId`),
  KEY `fk_planCourses_1_idx` (`courseId`),
  CONSTRAINT `fk_planCourses_1` FOREIGN KEY (`courseId`) REFERENCES `courses` (`courseId`) ON UPDATE CASCADE,
  CONSTRAINT `fk_planCourses_2` FOREIGN KEY (`catalogId`) REFERENCES `catalogs` (`catalogId`) ON UPDATE CASCADE
) ENGINE=InnoDB DEFAULT CHARSET=utf8;
/*!40101 SET character_set_client = @saved_cs_client */;

--
-- Dumping data for table `plancourses`
--

LOCK TABLES `plancourses` WRITE;
/*!40000 ALTER TABLE `plancourses` DISABLE KEYS */;
INSERT INTO `plancourses` VALUES (31,460,1),(31,1434,1),(31,899,1),(31,900,1),(31,1788,1),(31,1789,1),(31,2093,1),(31,221,1),(31,461,2),(31,360,2),(31,362,2),(31,1790,2),(31,1791,2),(31,1435,2),(31,2094,2),(31,1329,2),(31,463,3),(31,466,4),(31,901,3),(31,1795,3),(31,1797,3),(31,1440,3),(31,439,3),(31,468,4),(31,464,4),(31,477,4),(31,1758,4),(31,10,4),(31,469,5),(31,475,5),(31,488,5),(31,476,5),(31,1438,5),(31,9,5),(31,478,6),(31,487,6),(31,482,6),(31,1442,6),(31,902,6),(31,8,6),(31,495,7),(31,480,7),(31,481,7),(31,905,7),(31,1451,7),(31,5,7),(31,491,8),(31,492,8),(31,2,8),(31,2,8),(31,1441,8),(31,4,8),(31,725,9),(31,726,9),(31,2,9),(31,2,9),(31,907,9),(31,908,9),(31,727,10),(31,2,10),(31,1369,10),(31,6,10),(31,3,10),(32,460,1),(32,1434,1),(32,899,1),(32,900,1),(32,1788,1),(32,1789,1),(32,2093,1),(32,221,1),(32,461,2),(32,360,2),(32,362,2),(32,1790,2),(32,1791,2),(32,1435,2),(32,2094,2),(32,1329,2),(32,463,3),(32,466,4),(32,467,4),(32,901,3),(32,1795,3),(32,1797,3),(32,1440,3),(32,439,3),(32,468,4),(32,464,4),(32,477,4),(32,1758,4),(32,10,4),(32,469,5),(32,475,5),(32,488,5),(32,476,5),(32,1438,5),(32,9,5),(32,478,6),(32,487,6),(32,482,6),(32,1442,6),(32,902,6),(32,8,6),(32,495,7),(32,480,7),(32,481,7),(32,905,7),(32,1451,7),(32,5,7),(32,491,8),(32,492,8),(32,2,8),(32,2,8),(32,1441,8),(32,4,8),(32,725,9),(32,726,9),(32,2,9),(32,2,9),(32,907,9),(32,908,9),(32,727,10),(32,2,10),(32,1369,10),(32,6,10),(32,3,10),(33,460,1),(33,1434,1),(33,899,1),(33,900,1),(33,1788,1),(33,1789,1),(33,2093,1),(33,221,1),(33,461,2),(33,462,2),(33,360,2),(33,362,2),(33,1790,2),(33,1791,2),(33,1435,2),(33,2094,2),(33,1329,2),(33,466,3),(33,467,3),(33,901,3),(33,1795,3),(33,1797,3),(33,1440,3),(33,439,3),(33,468,4),(33,464,4),(33,465,4),(33,477,4),(33,1758,4),(33,10,4),(33,469,5),(33,475,5),(33,488,5),(33,476,5),(33,1438,5),(33,9,5),(33,478,6),(33,487,6),(33,482,6),(33,483,6),(33,1442,6),(33,902,6),(33,8,6),(33,495,7),(33,480,7),(33,481,7),(33,1441,7),(33,1451,7),(33,5,7),(33,491,8),(33,492,8),(33,2,8),(33,2,8),(33,905,8),(33,4,8),(33,725,9),(33,726,9),(33,2,9),(33,2,9),(33,907,9),(33,908,9),(33,727,10),(33,2,10),(33,1369,10),(33,6,10),(33,3,10),(34,460,1),(34,1434,1),(34,899,1),(34,900,1),(34,1788,1),(34,1789,1),(34,2093,1),(34,221,1),(34,461,2),(34,462,2),(34,360,2),(34,362,2),(34,1790,2),(34,1791,2),(34,1435,2),(34,2094,2),(34,1329,2),(34,464,3),(34,465,3),(34,901,3),(34,1795,3),(34,1797,3),(34,1440,3),(34,439,3),(34,469,4),(34,466,4),(34,467,4),(34,477,4),(34,1758,4),(34,10,4),(34,468,5),(34,478,5),(34,488,5),(34,487,5),(34,1438,5),(34,9,5),(34,475,6),(34,476,6),(34,482,6),(34,483,6),(34,1441,6),(34,902,6),(34,8,6),(34,495,7),(34,480,7),(34,481,7),(34,1442,7),(34,1451,7),(34,5,7),(34,491,8),(34,492,8),(34,2,8),(34,2,8),(34,905,8),(34,4,8),(34,725,9),(34,726,9),(34,2,9),(34,2,9),(34,907,9),(34,908,9),(34,727,10),(34,2,10),(34,1369,10),(34,6,10),(34,3,10),(35,460,1),(35,1434,1),(35,899,1),(35,439,1),(35,1788,1),(35,1789,1),(35,2093,1),(35,221,1),(35,461,2),(35,462,2),(35,360,2),(35,362,2),(35,1790,2),(35,1791,2),(35,1435,2),(35,2094,2),(35,1329,2),(35,464,3),(35,465,3),(35,1758,3),(35,1795,3),(35,1797,3),(35,1440,3),(35,1441,3),(35,1438,4),(35,469,4),(35,466,4),(35,467,4),(35,477,4),(35,900,4),(35,10,4),(35,468,5),(35,478,5),(35,488,5),(35,9,5),(35,901,5),(35,1442,5),(35,487,6),(35,475,6),(35,476,6),(35,482,6),(35,483,6),(35,8,6),(35,1451,6),(35,495,7),(35,480,7),(35,481,7),(35,5,7),(35,2,7),(35,902,7),(35,491,8),(35,492,8),(35,2,8),(35,1369,8),(35,905,8),(35,4,8),(35,725,9),(35,726,9),(35,2,9),(35,2,9),(35,907,9),(35,908,9),(35,727,10),(35,2,10),(35,6,10),(35,3,10),(25,460,1),(25,1434,1),(25,1788,1),(25,1789,1),(25,1435,1),(25,2093,1),(25,221,1),(25,461,2),(25,1790,2),(25,1791,2),(25,1438,2),(25,2094,2),(25,439,2),(25,1329,2),(25,463,3),(25,1795,3),(25,1797,3),(25,10,3),(25,1758,3),(25,1,3),(25,466,4),(25,467,4),(25,1440,4),(25,2,4),(25,9,4),(25,468,4),(25,464,5),(25,474,5),(25,475,5),(25,476,5),(25,2,5),(25,1451,5),(25,5,5),(25,1441,6),(25,488,6),(25,482,6),(25,2,6),(25,4,6),(25,8,6),(25,490,7),(25,725,7),(25,726,7),(25,2,7),(25,2,7),(25,3,7),(25,3,7),(25,489,8),(25,727,8),(25,2,8),(25,6,8),(25,3,8),(26,460,1),(26,1434,1),(26,1788,1),(26,1789,1),(26,1435,1),(26,2093,1),(26,221,1),(26,461,2),(26,1790,2),(26,1791,2),(26,1438,2),(26,2094,2),(26,439,2),(26,1329,2),(26,463,3),(26,1795,3),(26,1797,3),(26,10,3),(26,1758,3),(26,1,3),(26,466,4),(26,467,4),(26,1440,4),(26,2,4),(26,9,4),(26,468,4),(26,464,5),(26,474,5),(26,475,5),(26,476,5),(26,2,5),(26,1451,5),(26,5,5),(26,1441,6),(26,488,6),(26,482,6),(26,2,6),(26,4,6),(26,8,6),(26,490,7),(26,725,7),(26,726,7),(26,2,7),(26,2,7),(26,3,7),(26,3,7),(26,489,8),(26,727,8),(26,2,8),(26,6,8),(26,3,8),(27,460,1),(27,1434,1),(27,1788,1),(27,1789,1),(27,1435,1),(27,2093,1),(27,221,1),(27,466,3),(27,467,3),(27,1795,3),(27,1797,3),(27,1440,3),(27,10,3),(27,1758,3),(27,474,5),(27,475,5),(27,476,5),(27,2,5),(27,1451,5),(27,5,5),(27,490,7),(27,725,7),(27,726,7),(27,2,7),(27,2,7),(27,3,7),(27,3,7),(27,461,2),(27,462,2),(27,1790,2),(27,1791,2),(27,1438,2),(27,2094,2),(27,439,2),(27,1329,2),(27,464,4),(27,465,4),(27,468,4),(27,1441,4),(27,2,4),(27,9,4),(27,488,6),(27,482,6),(27,483,6),(27,2,6),(27,1,6),(27,4,6),(27,8,6),(27,489,8),(27,727,8),(27,2,8),(27,6,8),(27,3,8),(28,460,1),(28,1434,1),(28,1788,1),(28,1789,1),(28,1435,1),(28,2093,1),(28,221,1),(28,466,3),(28,467,3),(28,1795,3),(28,1797,3),(28,1440,3),(28,10,3),(28,1758,3),(28,474,5),(28,475,5),(28,476,5),(28,2,5),(28,1450,5),(28,5,5),(28,490,7),(28,725,7),(28,726,7),(28,2,7),(28,2,7),(28,3,7),(28,3,7),(28,461,2),(28,462,2),(28,1790,2),(28,1791,2),(28,1438,2),(28,2094,2),(28,439,2),(28,1329,2),(28,464,4),(28,465,4),(28,468,4),(28,1441,4),(28,1449,4),(28,9,4),(28,488,6),(28,482,6),(28,483,6),(28,2,6),(28,2,6),(28,4,6),(28,8,6),(28,489,8),(28,727,8),(28,2,8),(28,6,8),(28,3,8),(29,460,1),(29,1434,1),(29,1788,1),(29,1789,1),(29,1435,1),(29,2093,1),(29,221,1),(29,466,3),(29,467,3),(29,1795,3),(29,1797,3),(29,1440,3),(29,10,3),(29,1758,3),(29,474,5),(29,475,5),(29,476,5),(29,2,5),(29,1450,5),(29,5,5),(29,490,7),(29,725,7),(29,726,7),(29,2,7),(29,2,7),(29,3,7),(29,3,7),(29,461,2),(29,462,2),(29,1790,2),(29,1791,2),(29,1438,2),(29,2094,2),(29,439,2),(29,1329,2),(29,464,4),(29,465,4),(29,468,4),(29,1441,4),(29,1449,4),(29,9,4),(29,488,6),(29,482,6),(29,483,6),(29,2,6),(29,2,6),(29,4,6),(29,8,6),(29,489,8),(29,727,8),(29,2,8),(29,6,8),(29,3,8);
/*!40000 ALTER TABLE `plancourses` ENABLE KEYS */;
UNLOCK TABLES;

--
-- Table structure for table `requisitesets`
--

DROP TABLE IF EXISTS `requisitesets`;
/*!40101 SET @saved_cs_client     = @@character_set_client */;
/*!40101 SET character_set_client = utf8 */;
CREATE TABLE `requisitesets` (
  `setId` int(11) NOT NULL,
  `requisiteId` int(11) DEFAULT NULL,
  `requisiteTypeId` int(11) DEFAULT NULL,
  KEY `fk_requisiteSets_1_idx` (`requisiteId`),
  KEY `fk_requisiteSets_3_idx` (`setId`),
  KEY `fk_requisiteSets_2_idx` (`requisiteTypeId`),
  CONSTRAINT `fk_requisiteSets_1` FOREIGN KEY (`requisiteId`) REFERENCES `courses` (`courseId`) ON UPDATE CASCADE,
  CONSTRAINT `fk_requisiteSets_2` FOREIGN KEY (`requisiteTypeId`) REFERENCES `requisitetypes` (`requisiteTypeId`) ON UPDATE CASCADE,
  CONSTRAINT `fk_requisiteSets_3` FOREIGN KEY (`setId`) REFERENCES `courserequisites` (`setId`) ON UPDATE CASCADE
) ENGINE=InnoDB DEFAULT CHARSET=utf8;
/*!40101 SET character_set_client = @saved_cs_client */;

--
-- Dumping data for table `requisitesets`
--

LOCK TABLES `requisitesets` WRITE;
/*!40000 ALTER TABLE `requisitesets` DISABLE KEYS */;
INSERT INTO `requisitesets` VALUES (2,460,1),(2,462,2),(3,461,2),(4,1440,3),(4,461,1),(4,465,2),(5,464,2),(5,1440,3),(6,1795,3),(6,467,2),(7,461,1),(7,466,1),(8,461,1),(8,828,1),(9,466,2),(10,461,1),(11,466,1),(11,468,1),(11,476,2),(12,475,2),(13,461,1),(14,468,1),(14,483,2),(15,482,2),(15,461,1),(16,1440,1),(16,NULL,5),(17,474,1),(18,NULL,5),(18,NULL,6),(19,NULL,6),(19,NULL,5),(19,NULL,7),(20,726,1),(21,461,1),(22,460,1),(23,461,1),(24,461,1),(25,461,1),(25,1795,1),(26,461,1),(26,1438,1),(26,1441,1),(27,475,1),(27,482,1),(27,480,1),(27,492,2),(28,1795,1),(28,466,3),(29,466,1),(29,477,1),(30,1795,1),(30,481,2),(31,1795,1),(31,NULL,4),(32,493,2),(33,479,1),(34,491,2),(35,480,2),(36,488,1),(37,482,1),(38,482,1),(39,488,1),(39,482,1),(40,469,1),(41,461,1),(41,1441,1),(42,469,1),(43,464,1),(44,461,1),(45,NULL,4),(46,NULL,5),(47,NULL,6),(48,1435,1),(49,460,3),(49,1442,3),(49,1441,3),(50,1440,1),(51,1756,1),(52,1756,6),(53,1441,1),(53,1442,1),(53,1449,1),(54,1441,1),(54,1442,1),(54,1451,1),(55,1440,1),(55,1449,1),(56,1440,1),(56,1451,1),(57,1440,1),(57,NULL,6),(58,464,1),(58,1435,1),(59,1440,1),(59,1441,1),(60,NULL,6),(61,1434,1),(62,1434,3),(63,1435,1),(64,1435,3),(65,1438,3),(66,1449,1),(67,1434,1),(67,1789,2),(68,1788,1),(68,1789,1),(68,1435,3),(68,1791,2),(69,1788,2),(70,1790,2),(71,1790,1),(71,1796,2),(72,1790,1),(72,1797,2),(73,1795,2),(74,2093,2),(75,221,2),(76,2093,1),(76,221,1),(77,2093,1),(78,2094,3),(79,1435,1),(79,901,1),(80,1434,1),(81,1434,1),(81,1788,1),(82,1442,1),(82,460,1),(83,NULL,5),(84,461,1);
/*!40000 ALTER TABLE `requisitesets` ENABLE KEYS */;
UNLOCK TABLES;

--
-- Table structure for table `requisitetypes`
--

DROP TABLE IF EXISTS `requisitetypes`;
/*!40101 SET @saved_cs_client     = @@character_set_client */;
/*!40101 SET character_set_client = utf8 */;
CREATE TABLE `requisitetypes` (
  `requisiteTypeId` int(11) NOT NULL AUTO_INCREMENT,
  `requisiteType` varchar(45) NOT NULL,
  PRIMARY KEY (`requisiteTypeId`)
) ENGINE=InnoDB AUTO_INCREMENT=8 DEFAULT CHARSET=utf8;
/*!40101 SET character_set_client = @saved_cs_client */;

--
-- Dumping data for table `requisitetypes`
--

LOCK TABLES `requisitetypes` WRITE;
/*!40000 ALTER TABLE `requisitetypes` DISABLE KEYS */;
INSERT INTO `requisitetypes` VALUES (1,'prerequisite'),(2,'concurrent'),(3,'prerequisite or concurrent'),(4,'junior standing'),(5,'senior standing'),(6,'instructor consent'),(7,'finished 300 level courses');
/*!40000 ALTER TABLE `requisitetypes` ENABLE KEYS */;
UNLOCK TABLES;

--
-- Table structure for table `standings`
--

DROP TABLE IF EXISTS `standings`;
/*!40101 SET @saved_cs_client     = @@character_set_client */;
/*!40101 SET character_set_client = utf8 */;
CREATE TABLE `standings` (
  `standingId` int(11) NOT NULL AUTO_INCREMENT,
  `standing` varchar(127) NOT NULL,
  `creditHrs` int(11) NOT NULL DEFAULT '0',
  PRIMARY KEY (`standingId`)
) ENGINE=InnoDB AUTO_INCREMENT=6 DEFAULT CHARSET=utf8;
/*!40101 SET character_set_client = @saved_cs_client */;

--
-- Dumping data for table `standings`
--

LOCK TABLES `standings` WRITE;
/*!40000 ALTER TABLE `standings` DISABLE KEYS */;
INSERT INTO `standings` VALUES (1,'Freshmen',0),(2,'Sophomore',30),(3,'Junior',60),(4,'Senior',90),(5,'Graduating Senior',100);
/*!40000 ALTER TABLE `standings` ENABLE KEYS */;
UNLOCK TABLES;

--
-- Table structure for table `usercourses`
--

DROP TABLE IF EXISTS `usercourses`;
/*!40101 SET @saved_cs_client     = @@character_set_client */;
/*!40101 SET character_set_client = utf8 */;
CREATE TABLE `usercourses` (
  `userId` int(11) NOT NULL,
  `courseId` int(11) NOT NULL,
  `finishedCredits` int(11) NOT NULL DEFAULT '3',
  UNIQUE KEY `studentId_courseId_UNIQUE` (`userId`,`courseId`),
  KEY `fk_user_courses_2_idx` (`courseId`),
  KEY `fk_user_courses_1_idx` (`userId`),
  CONSTRAINT `fk_student_courses_2` FOREIGN KEY (`courseId`) REFERENCES `courses` (`courseId`) ON DELETE CASCADE ON UPDATE CASCADE,
  CONSTRAINT `fk_user_courses_1` FOREIGN KEY (`userId`) REFERENCES `users` (`userId`) ON DELETE CASCADE ON UPDATE CASCADE
) ENGINE=InnoDB DEFAULT CHARSET=utf8;
/*!40101 SET character_set_client = @saved_cs_client */;

--
-- Dumping data for table `usercourses`
--

LOCK TABLES `usercourses` WRITE;
/*!40000 ALTER TABLE `usercourses` DISABLE KEYS */;
INSERT INTO `usercourses` VALUES (16,221,3),(16,233,3),(16,439,3),(16,460,3),(16,461,3),(16,462,3),(16,899,3),(16,900,3),(16,918,3),(16,1435,3),(16,1440,3),(16,1788,3),(16,1789,3),(16,2093,3),(17,221,3),(17,235,3),(17,360,3),(17,362,3),(17,460,3),(17,461,3),(17,462,3),(17,899,3),(17,900,3),(17,1329,3),(17,1435,3),(17,1788,3),(17,1789,3),(17,1790,3),(17,1791,3),(17,2093,3),(17,2094,3),(17,2331,3),(17,2332,3),(18,221,3),(18,222,3),(18,360,3),(18,362,3),(18,439,3),(18,460,3),(18,461,3),(18,462,3),(18,464,3),(18,465,3),(18,899,3),(18,918,3),(18,1329,3),(18,1434,3),(18,1435,3),(18,1438,3),(18,1440,3),(18,1788,3),(18,1789,3),(18,1790,3),(18,1791,3),(18,2093,3),(18,2094,3),(19,221,3),(19,360,3),(19,362,3),(19,439,3),(19,460,3),(19,461,3),(19,462,3),(19,466,3),(19,467,3),(19,899,3),(19,900,3),(19,1329,3),(19,1434,3),(19,1435,3),(19,1440,3),(19,1758,3),(19,1788,3),(19,1789,3),(19,1790,3),(19,1791,3),(19,1795,3),(19,1797,3),(19,1967,3),(19,2093,3),(19,2094,3),(19,2331,3),(19,2332,3),(20,221,3),(20,360,3),(20,362,3),(20,439,3),(20,460,3),(20,461,3),(20,462,3),(20,464,3),(20,465,3),(20,545,3),(20,546,3),(20,899,3),(20,900,3),(20,901,3),(20,918,3),(20,1329,3),(20,1434,3),(20,1435,3),(20,1438,3),(20,1440,3),(20,1442,3),(20,1758,3),(20,1788,3),(20,1789,3),(20,1790,3),(20,1791,3),(20,1795,3),(20,1797,3),(20,2093,3),(20,2094,3),(20,2107,3),(20,2301,3),(21,221,3),(21,360,3),(21,362,3),(21,439,3),(21,460,3),(21,461,3),(21,462,3),(21,545,3),(21,546,3),(21,548,3),(21,549,3),(21,550,3),(21,551,3),(21,552,3),(21,553,3),(21,554,3),(21,557,3),(21,559,3),(21,760,3),(21,899,3),(21,900,3),(21,901,3),(21,918,3),(21,1329,3),(21,1434,3),(21,1435,3),(21,1758,3),(21,1788,3),(21,1789,3),(21,1790,3),(21,1791,3),(21,2093,3),(21,2094,3),(22,111,3),(22,221,3),(22,362,3),(22,439,3),(22,460,3),(22,461,3),(22,462,3),(22,464,3),(22,465,3),(22,466,3),(22,467,3),(22,468,3),(22,477,3),(22,478,3),(22,507,3),(22,899,3),(22,900,3),(22,901,3),(22,907,3),(22,918,3),(22,1176,3),(22,1329,3),(22,1435,3),(22,1438,3),(22,1439,3),(22,1440,3),(22,1441,3),(22,1451,3),(22,1758,3),(22,1788,3),(22,1789,3),(22,1790,3),(22,1791,3),(22,1795,3),(22,1797,3),(22,2093,3),(22,2094,3),(23,41,3),(23,221,3),(23,225,3),(23,360,3),(23,362,3),(23,439,3),(23,460,3),(23,461,3),(23,462,3),(23,464,3),(23,465,3),(23,466,3),(23,467,3),(23,468,3),(23,480,3),(23,481,3),(23,653,3),(23,899,3),(23,900,3),(23,901,3),(23,902,3),(23,907,3),(23,918,3),(23,1329,3),(23,1434,3),(23,1435,3),(23,1438,3),(23,1440,3),(23,1442,3),(23,1451,3),(23,1758,3),(23,1788,3),(23,1789,3),(23,1790,3),(23,1791,3),(23,1795,3),(23,1797,3),(23,1964,3),(23,2093,3),(23,2094,3),(23,2149,3),(24,3,3),(24,221,3),(24,234,3),(24,439,3),(24,460,3),(24,461,3),(24,462,3),(24,464,3),(24,465,3),(24,466,3),(24,467,3),(24,468,3),(24,475,3),(24,476,3),(24,477,3),(24,488,3),(24,507,3),(24,899,3),(24,900,3),(24,901,3),(24,902,3),(24,907,3),(24,1329,3),(24,1434,3),(24,1435,3),(24,1438,3),(24,1440,3),(24,1441,3),(24,1758,3),(24,1788,3),(24,1789,3),(24,1790,3),(24,1791,3),(24,1795,3),(24,1797,3),(24,1964,3),(24,2093,3),(24,2094,3),(25,221,3),(25,233,3),(25,336,3),(25,360,3),(25,362,3),(25,439,3),(25,460,3),(25,461,3),(25,462,3),(25,464,3),(25,465,3),(25,466,3),(25,467,3),(25,468,3),(25,475,3),(25,476,3),(25,477,3),(25,478,3),(25,480,3),(25,481,3),(25,482,3),(25,483,3),(25,488,3),(25,495,3),(25,505,3),(25,507,3),(25,648,3),(25,725,3),(25,899,3),(25,901,3),(25,907,3),(25,918,3),(25,1040,3),(25,1329,3),(25,1434,3),(25,1435,3),(25,1438,3),(25,1440,3),(25,1441,3),(25,1442,3),(25,1451,3),(25,1758,3),(25,1788,3),(25,1789,3),(25,1790,3),(25,1791,3),(25,1795,3),(25,1797,3),(25,2093,3),(25,2094,3),(25,2331,3),(25,2332,3),(26,12,3),(26,221,3),(26,336,3),(26,360,3),(26,362,3),(26,439,3),(26,460,3),(26,461,3),(26,463,3),(26,464,3),(26,466,3),(26,467,3),(26,468,3),(26,469,3),(26,475,3),(26,476,3),(26,477,3),(26,478,3),(26,480,3),(26,481,3),(26,482,3),(26,487,3),(26,488,3),(26,507,3),(26,664,3),(26,899,3),(26,900,3),(26,901,3),(26,907,3),(26,918,3),(26,923,3),(26,941,3),(26,1167,3),(26,1188,3),(26,1434,3),(26,1435,3),(26,1438,3),(26,1440,3),(26,1451,3),(26,1616,3),(26,1628,3),(26,1758,3),(26,1783,3),(26,1788,3),(26,1789,3),(26,1790,3),(26,1791,3),(26,1795,3),(26,1797,3),(26,2093,3),(26,2094,3),(26,2145,3),(26,2149,3),(26,2165,3),(26,2302,3),(26,2340,3),(27,221,3),(27,360,3),(27,439,3),(27,460,3),(27,461,3),(27,463,3),(27,464,3),(27,466,3),(27,467,3),(27,468,3),(27,469,3),(27,475,3),(27,476,3),(27,477,3),(27,478,3),(27,480,3),(27,481,3),(27,482,3),(27,487,3),(27,488,3),(27,648,3),(27,653,3),(27,899,3),(27,900,3),(27,901,3),(27,902,3),(27,907,3),(27,911,3),(27,941,3),(27,1028,3),(27,1329,3),(27,1434,3),(27,1435,3),(27,1438,3),(27,1440,3),(27,1441,3),(27,1442,3),(27,1451,3),(27,1619,3),(27,1758,3),(27,1788,3),(27,1789,3),(27,1790,3),(27,1791,3),(27,1795,3),(27,1796,3),(27,1846,3),(27,2093,3),(27,2094,3),(28,3,3),(28,221,3),(28,239,3),(28,360,3),(28,362,3),(28,439,3),(28,460,3),(28,461,3),(28,463,3),(28,464,3),(28,466,3),(28,467,3),(28,468,3),(28,469,3),(28,475,3),(28,476,3),(28,477,3),(28,478,3),(28,480,3),(28,481,3),(28,482,3),(28,487,3),(28,488,3),(28,495,3),(28,502,3),(28,507,3),(28,653,3),(28,725,3),(28,726,3),(28,899,3),(28,900,3),(28,901,3),(28,902,3),(28,907,3),(28,918,3),(28,1028,3),(28,1329,3),(28,1434,3),(28,1435,3),(28,1438,3),(28,1440,3),(28,1441,3),(28,1442,3),(28,1451,3),(28,1616,3),(28,1758,3),(28,1760,3),(28,1788,3),(28,1789,3),(28,1790,3),(28,1791,3),(28,1795,3),(28,1797,3),(28,2093,3),(28,2094,3),(28,2149,3),(28,2328,3),(29,221,3),(29,233,3),(29,336,3),(29,362,3),(29,439,3),(29,460,3),(29,461,3),(29,463,3),(29,464,3),(29,466,3),(29,467,3),(29,468,3),(29,469,3),(29,475,3),(29,476,3),(29,477,3),(29,478,3),(29,480,3),(29,481,3),(29,482,3),(29,487,3),(29,488,3),(29,491,3),(29,492,3),(29,495,3),(29,502,3),(29,505,3),(29,507,3),(29,545,3),(29,546,3),(29,552,3),(29,655,3),(29,658,3),(29,666,3),(29,725,3),(29,726,3),(29,899,3),(29,900,3),(29,901,3),(29,902,3),(29,905,3),(29,907,3),(29,910,3),(29,918,3),(29,1329,3),(29,1435,3),(29,1438,3),(29,1440,3),(29,1441,3),(29,1442,3),(29,1451,3),(29,1614,3),(29,1758,3),(29,1789,3),(29,1791,3),(29,1795,3),(29,1797,3),(29,2093,3),(29,2094,3),(29,2165,3),(30,119,3),(30,221,3),(30,233,3),(30,360,3),(30,362,3),(30,439,3),(30,460,3),(30,461,3),(30,463,3),(30,464,3),(30,466,3),(30,467,3),(30,468,3),(30,469,3),(30,472,3),(30,474,3),(30,475,3),(30,476,3),(30,477,3),(30,478,3),(30,480,3),(30,481,3),(30,482,3),(30,487,3),(30,488,3),(30,491,3),(30,492,3),(30,495,3),(30,502,3),(30,507,3),(30,656,3),(30,726,3),(30,899,3),(30,900,3),(30,901,3),(30,902,3),(30,905,3),(30,907,3),(30,908,3),(30,1329,3),(30,1330,3),(30,1434,3),(30,1435,3),(30,1438,3),(30,1440,3),(30,1441,3),(30,1442,3),(30,1451,3),(30,1758,3),(30,1788,3),(30,1789,3),(30,1790,3),(30,1791,3),(30,1795,3),(30,1797,3),(30,1964,3),(30,2093,3),(30,2094,3),(30,2150,3),(30,2331,3),(30,2332,3),(31,221,3),(31,336,3),(31,360,3),(31,362,3),(31,439,3),(31,460,3),(31,461,3),(31,463,3),(31,466,3),(31,467,3),(31,468,3),(31,469,3),(31,471,3),(31,474,3),(31,475,3),(31,476,3),(31,477,3),(31,478,3),(31,480,3),(31,481,3),(31,482,3),(31,487,3),(31,488,3),(31,491,3),(31,492,3),(31,495,3),(31,505,3),(31,507,3),(31,656,3),(31,661,3),(31,725,3),(31,726,3),(31,727,3),(31,899,3),(31,900,3),(31,901,3),(31,902,3),(31,905,3),(31,907,3),(31,908,3),(31,918,3),(31,1188,3),(31,1329,3),(31,1331,3),(31,1434,3),(31,1435,3),(31,1438,3),(31,1440,3),(31,1441,3),(31,1442,3),(31,1451,3),(31,1758,3),(31,1788,3),(31,1789,3),(31,1790,3),(31,1791,3),(31,1795,3),(31,1797,3),(31,1964,3),(31,2093,3),(31,2094,3),(31,2254,3),(31,2341,3),(23123123,461,3),(23123123,472,3),(23123123,507,3),(23123123,1789,3),(23123123,2094,3),(30003678,439,3),(30003678,460,3),(30003678,492,3),(30003678,503,3),(30003678,1788,3),(30003678,2094,3),(800040202,221,3),(800040202,439,3),(800040202,460,3),(800040202,461,3),(800040202,462,3),(800040202,1329,3),(800040202,1434,3),(800040202,1435,3),(800040202,1438,3),(800040202,1788,3),(800040202,1789,3),(800040202,1790,3),(800040202,1791,3),(800040202,2093,3),(800040202,2094,3),(900150232,4,3),(900150232,5,3),(900150232,6,3),(900150232,8,3),(900150232,9,3),(900150232,10,3),(900150232,221,3),(900150232,360,3),(900150232,362,3),(900150232,439,3),(900150232,460,3),(900150232,461,3),(900150232,463,3),(900150232,464,3),(900150232,466,3),(900150232,467,3),(900150232,468,3),(900150232,469,3),(900150232,475,3),(900150232,476,3),(900150232,477,3),(900150232,478,3),(900150232,480,3),(900150232,481,3),(900150232,482,3),(900150232,487,3),(900150232,488,3),(900150232,495,3),(900150232,504,3),(900150232,507,3),(900150232,899,3),(900150232,900,3),(900150232,901,3),(900150232,902,3),(900150232,907,3),(900150232,908,3),(900150232,1329,3),(900150232,1369,3),(900150232,1434,3),(900150232,1435,3),(900150232,1438,3),(900150232,1440,3),(900150232,1442,3),(900150232,1758,3),(900150232,1788,3),(900150232,1789,3),(900150232,1790,3),(900150232,1791,3),(900150232,1795,3),(900150232,1797,3),(900150232,2093,3),(900150232,2094,3),(900170269,4,3),(900170269,5,3),(900170269,6,3),(900170269,8,3),(900170269,9,3),(900170269,10,3),(900170269,221,3),(900170269,360,3),(900170269,362,3),(900170269,439,3),(900170269,460,3),(900170269,461,3),(900170269,463,3),(900170269,464,3),(900170269,465,3),(900170269,466,3),(900170269,467,3),(900170269,468,3),(900170269,469,3),(900170269,471,3),(900170269,472,3),(900170269,475,3),(900170269,476,3),(900170269,477,3),(900170269,478,3),(900170269,480,3),(900170269,481,3),(900170269,482,3),(900170269,487,3),(900170269,488,3),(900170269,491,3),(900170269,492,3),(900170269,495,3),(900170269,507,3),(900170269,725,3),(900170269,726,3),(900170269,899,3),(900170269,900,3),(900170269,901,3),(900170269,902,3),(900170269,905,3),(900170269,907,3),(900170269,1329,3),(900170269,1369,3),(900170269,1434,3),(900170269,1435,3),(900170269,1438,3),(900170269,1440,3),(900170269,1441,3),(900170269,1442,3),(900170269,1451,3),(900170269,1758,3),(900170269,1788,3),(900170269,1789,3),(900170269,1790,3),(900170269,1791,3),(900170269,1795,3),(900170269,1797,3),(900170269,2093,3),(900170269,2094,3),(900170747,4,3),(900170747,5,3),(900170747,6,3),(900170747,8,3),(900170747,9,3),(900170747,10,3),(900170747,221,3),(900170747,360,3),(900170747,362,3),(900170747,439,3),(900170747,460,3),(900170747,461,3),(900170747,463,3),(900170747,464,3),(900170747,465,3),(900170747,466,3),(900170747,467,3),(900170747,468,3),(900170747,469,3),(900170747,472,3),(900170747,473,3),(900170747,475,3),(900170747,476,3),(900170747,477,3),(900170747,478,3),(900170747,480,3),(900170747,481,3),(900170747,482,3),(900170747,487,3),(900170747,488,3),(900170747,495,3),(900170747,507,3),(900170747,726,3),(900170747,899,3),(900170747,900,3),(900170747,901,3),(900170747,902,3),(900170747,905,3),(900170747,907,3),(900170747,908,3),(900170747,1329,3),(900170747,1369,3),(900170747,1434,3),(900170747,1435,3),(900170747,1438,3),(900170747,1440,3),(900170747,1441,3),(900170747,1442,3),(900170747,1451,3),(900170747,1758,3),(900170747,1788,3),(900170747,1789,3),(900170747,1790,3),(900170747,1791,3),(900170747,1795,3),(900170747,1797,3),(900170747,2093,3),(900170747,2094,3),(900171054,4,3),(900171054,5,3),(900171054,8,3),(900171054,9,3),(900171054,10,3),(900171054,221,3),(900171054,360,3),(900171054,362,3),(900171054,439,3),(900171054,460,3),(900171054,461,3),(900171054,463,3),(900171054,464,3),(900171054,465,3),(900171054,466,3),(900171054,467,3),(900171054,468,3),(900171054,469,3),(900171054,471,3),(900171054,474,3),(900171054,475,3),(900171054,476,3),(900171054,477,3),(900171054,478,3),(900171054,480,3),(900171054,481,3),(900171054,482,3),(900171054,487,3),(900171054,488,3),(900171054,490,3),(900171054,495,3),(900171054,726,3),(900171054,864,3),(900171054,899,3),(900171054,900,3),(900171054,901,3),(900171054,902,3),(900171054,905,3),(900171054,907,3),(900171054,908,3),(900171054,1329,3),(900171054,1369,3),(900171054,1434,3),(900171054,1435,3),(900171054,1438,3),(900171054,1440,3),(900171054,1441,3),(900171054,1442,3),(900171054,1451,3),(900171054,1758,3),(900171054,1788,3),(900171054,1789,3),(900171054,1790,3),(900171054,1791,3),(900171054,1795,3),(900171054,1797,3),(900171054,2093,3),(900171054,2094,3),(900171600,4,3),(900171600,5,3),(900171600,8,3),(900171600,9,3),(900171600,10,3),(900171600,221,3),(900171600,360,3),(900171600,362,3),(900171600,439,3),(900171600,460,3),(900171600,461,3),(900171600,462,3),(900171600,464,3),(900171600,465,3),(900171600,466,3),(900171600,467,3),(900171600,468,3),(900171600,469,3),(900171600,475,3),(900171600,476,3),(900171600,477,3),(900171600,478,3),(900171600,480,3),(900171600,481,3),(900171600,482,3),(900171600,483,3),(900171600,487,3),(900171600,488,3),(900171600,899,3),(900171600,900,3),(900171600,901,3),(900171600,902,3),(900171600,905,3),(900171600,1329,3),(900171600,1434,3),(900171600,1435,3),(900171600,1438,3),(900171600,1440,3),(900171600,1441,3),(900171600,1442,3),(900171600,1758,3),(900171600,1788,3),(900171600,1789,3),(900171600,1790,3),(900171600,1791,3),(900171600,1795,3),(900171600,1797,3),(900171600,2093,3),(900171600,2094,3),(900171807,4,3),(900171807,5,3),(900171807,8,3),(900171807,9,3),(900171807,10,3),(900171807,221,3),(900171807,439,3),(900171807,460,3),(900171807,461,3),(900171807,462,3),(900171807,464,3),(900171807,465,3),(900171807,466,3),(900171807,467,3),(900171807,468,3),(900171807,469,3),(900171807,474,3),(900171807,475,3),(900171807,476,3),(900171807,482,3),(900171807,483,3),(900171807,488,3),(900171807,1329,3),(900171807,1434,3),(900171807,1435,3),(900171807,1438,3),(900171807,1440,3),(900171807,1441,3),(900171807,1758,3),(900171807,1788,3),(900171807,1789,3),(900171807,1790,3),(900171807,1791,3),(900171807,1795,3),(900171807,1797,3),(900171807,2093,3),(900171807,2094,3),(900172284,4,3),(900172284,5,3),(900172284,8,3),(900172284,9,3),(900172284,10,3),(900172284,221,3),(900172284,360,3),(900172284,362,3),(900172284,439,3),(900172284,460,3),(900172284,461,3),(900172284,463,3),(900172284,464,3),(900172284,465,3),(900172284,466,3),(900172284,467,3),(900172284,468,3),(900172284,471,3),(900172284,475,3),(900172284,476,3),(900172284,477,3),(900172284,478,3),(900172284,480,3),(900172284,481,3),(900172284,482,3),(900172284,487,3),(900172284,488,3),(900172284,491,3),(900172284,492,3),(900172284,495,3),(900172284,505,3),(900172284,507,3),(900172284,725,3),(900172284,726,3),(900172284,899,3),(900172284,900,3),(900172284,901,3),(900172284,905,3),(900172284,907,3),(900172284,908,3),(900172284,1329,3),(900172284,1369,3),(900172284,1434,3),(900172284,1435,3),(900172284,1438,3),(900172284,1440,3),(900172284,1441,3),(900172284,1442,3),(900172284,1451,3),(900172284,1758,3),(900172284,1788,3),(900172284,1789,3),(900172284,1790,3),(900172284,1791,3),(900172284,1795,3),(900172284,1797,3),(900172284,2093,3),(900172284,2094,3),(900172603,4,3),(900172603,5,3),(900172603,8,3),(900172603,9,3),(900172603,10,3),(900172603,221,3),(900172603,360,3),(900172603,362,3),(900172603,439,3),(900172603,460,3),(900172603,461,3),(900172603,463,3),(900172603,464,3),(900172603,465,3),(900172603,466,3),(900172603,467,3),(900172603,468,3),(900172603,469,3),(900172603,473,3),(900172603,475,3),(900172603,476,3),(900172603,477,3),(900172603,478,3),(900172603,480,3),(900172603,481,3),(900172603,482,3),(900172603,487,3),(900172603,488,3),(900172603,491,3),(900172603,492,3),(900172603,495,3),(900172603,505,3),(900172603,507,3),(900172603,725,3),(900172603,726,3),(900172603,899,3),(900172603,900,3),(900172603,901,3),(900172603,902,3),(900172603,905,3),(900172603,907,3),(900172603,1329,3),(900172603,1369,3),(900172603,1435,3),(900172603,1438,3),(900172603,1440,3),(900172603,1441,3),(900172603,1442,3),(900172603,1451,3),(900172603,1758,3),(900172603,1788,3),(900172603,1789,3),(900172603,1790,3),(900172603,1791,3),(900172603,1795,3),(900172603,1797,3),(900172603,2093,3),(900172603,2094,3),(900172822,4,3),(900172822,5,3),(900172822,6,3),(900172822,8,3),(900172822,9,3),(900172822,10,3),(900172822,221,3),(900172822,360,3),(900172822,439,3),(900172822,460,3),(900172822,461,3),(900172822,463,3),(900172822,464,3),(900172822,465,3),(900172822,466,3),(900172822,467,3),(900172822,468,3),(900172822,469,3),(900172822,473,3),(900172822,475,3),(900172822,476,3),(900172822,477,3),(900172822,478,3),(900172822,480,3),(900172822,481,3),(900172822,482,3),(900172822,487,3),(900172822,488,3),(900172822,507,3),(900172822,864,3),(900172822,899,3),(900172822,900,3),(900172822,901,3),(900172822,902,3),(900172822,905,3),(900172822,1329,3),(900172822,1434,3),(900172822,1435,3),(900172822,1438,3),(900172822,1440,3),(900172822,1441,3),(900172822,1442,3),(900172822,1451,3),(900172822,1758,3),(900172822,1788,3),(900172822,1789,3),(900172822,1790,3),(900172822,1791,3),(900172822,1795,3),(900172822,1797,3),(900172822,2093,3),(900172822,2094,3),(900181126,5,3),(900181126,8,3),(900181126,9,3),(900181126,10,3),(900181126,221,3),(900181126,360,3),(900181126,362,3),(900181126,439,3),(900181126,460,3),(900181126,461,3),(900181126,462,3),(900181126,464,3),(900181126,465,3),(900181126,466,3),(900181126,467,3),(900181126,468,3),(900181126,475,3),(900181126,476,3),(900181126,477,3),(900181126,478,3),(900181126,480,3),(900181126,481,3),(900181126,482,3),(900181126,483,3),(900181126,487,3),(900181126,488,3),(900181126,495,3),(900181126,725,3),(900181126,899,3),(900181126,900,3),(900181126,901,3),(900181126,1329,3),(900181126,1434,3),(900181126,1435,3),(900181126,1438,3),(900181126,1440,3),(900181126,1442,3),(900181126,1758,3),(900181126,1788,3),(900181126,1789,3),(900181126,1790,3),(900181126,1791,3),(900181126,1795,3),(900181126,1797,3),(900181126,2093,3),(900181126,2094,3),(900182339,4,3),(900182339,5,3),(900182339,8,3),(900182339,9,3),(900182339,10,3),(900182339,221,3),(900182339,439,3),(900182339,460,3),(900182339,461,3),(900182339,462,3),(900182339,464,3),(900182339,465,3),(900182339,466,3),(900182339,467,3),(900182339,468,3),(900182339,474,3),(900182339,475,3),(900182339,476,3),(900182339,480,3),(900182339,481,3),(900182339,482,3),(900182339,483,3),(900182339,488,3),(900182339,489,3),(900182339,502,3),(900182339,507,3),(900182339,726,3),(900182339,1329,3),(900182339,1434,3),(900182339,1435,3),(900182339,1438,3),(900182339,1440,3),(900182339,1441,3),(900182339,1449,3),(900182339,1450,3),(900182339,1758,3),(900182339,1789,3),(900182339,1790,3),(900182339,1791,3),(900182339,1795,3),(900182339,1797,3),(900182339,2093,3),(900182339,2094,3),(900182735,4,3),(900182735,5,3),(900182735,8,3),(900182735,9,3),(900182735,10,3),(900182735,221,3),(900182735,360,3),(900182735,362,3),(900182735,439,3),(900182735,460,3),(900182735,461,3),(900182735,462,3),(900182735,464,3),(900182735,465,3),(900182735,466,3),(900182735,467,3),(900182735,468,3),(900182735,480,3),(900182735,481,3),(900182735,899,3),(900182735,900,3),(900182735,901,3),(900182735,902,3),(900182735,907,3),(900182735,1329,3),(900182735,1434,3),(900182735,1435,3),(900182735,1438,3),(900182735,1440,3),(900182735,1442,3),(900182735,1451,3),(900182735,1758,3),(900182735,1788,3),(900182735,1789,3),(900182735,1790,3),(900182735,1791,3),(900182735,1795,3),(900182735,1797,3),(900182735,2093,3),(900182735,2094,3),(900183120,4,3),(900183120,8,3),(900183120,10,3),(900183120,221,3),(900183120,360,3),(900183120,362,3),(900183120,439,3),(900183120,460,3),(900183120,461,3),(900183120,462,3),(900183120,464,3),(900183120,465,3),(900183120,466,3),(900183120,467,3),(900183120,468,3),(900183120,469,3),(900183120,475,3),(900183120,476,3),(900183120,477,3),(900183120,478,3),(900183120,480,3),(900183120,481,3),(900183120,482,3),(900183120,483,3),(900183120,487,3),(900183120,488,3),(900183120,495,3),(900183120,507,3),(900183120,899,3),(900183120,900,3),(900183120,901,3),(900183120,902,3),(900183120,1329,3),(900183120,1434,3),(900183120,1435,3),(900183120,1438,3),(900183120,1440,3),(900183120,1441,3),(900183120,1442,3),(900183120,1451,3),(900183120,1758,3),(900183120,1788,3),(900183120,1789,3),(900183120,1790,3),(900183120,1791,3),(900183120,1795,3),(900183120,1797,3),(900183120,2093,3),(900183120,2094,3),(900183330,4,3),(900183330,5,3),(900183330,8,3),(900183330,9,3),(900183330,10,3),(900183330,221,3),(900183330,439,3),(900183330,460,3),(900183330,461,3),(900183330,462,3),(900183330,464,3),(900183330,465,3),(900183330,466,3),(900183330,467,3),(900183330,468,3),(900183330,469,3),(900183330,471,3),(900183330,475,3),(900183330,476,3),(900183330,477,3),(900183330,478,3),(900183330,480,3),(900183330,481,3),(900183330,482,3),(900183330,483,3),(900183330,488,3),(900183330,495,3),(900183330,901,3),(900183330,902,3),(900183330,1329,3),(900183330,1434,3),(900183330,1435,3),(900183330,1438,3),(900183330,1440,3),(900183330,1441,3),(900183330,1442,3),(900183330,1451,3),(900183330,1758,3),(900183330,1788,3),(900183330,1789,3),(900183330,1790,3),(900183330,1791,3),(900183330,1795,3),(900183330,1797,3),(900183330,2093,3),(900183330,2094,3),(900184008,4,3),(900184008,5,3),(900184008,8,3),(900184008,9,3),(900184008,10,3),(900184008,221,3),(900184008,439,3),(900184008,460,3),(900184008,461,3),(900184008,462,3),(900184008,464,3),(900184008,465,3),(900184008,466,3),(900184008,467,3),(900184008,468,3),(900184008,469,3),(900184008,474,3),(900184008,488,3),(900184008,502,3),(900184008,507,3),(900184008,1329,3),(900184008,1434,3),(900184008,1435,3),(900184008,1438,3),(900184008,1440,3),(900184008,1441,3),(900184008,1449,3),(900184008,1450,3),(900184008,1758,3),(900184008,1788,3),(900184008,1789,3),(900184008,1790,3),(900184008,1791,3),(900184008,1795,3),(900184008,1797,3),(900184008,2093,3),(900184008,2094,3),(900184062,5,3),(900184062,8,3),(900184062,9,3),(900184062,10,3),(900184062,221,3),(900184062,439,3),(900184062,460,3),(900184062,461,3),(900184062,462,3),(900184062,464,3),(900184062,465,3),(900184062,466,3),(900184062,467,3),(900184062,468,3),(900184062,471,3),(900184062,474,3),(900184062,475,3),(900184062,476,3),(900184062,488,3),(900184062,1329,3),(900184062,1434,3),(900184062,1435,3),(900184062,1438,3),(900184062,1440,3),(900184062,1441,3),(900184062,1449,3),(900184062,1450,3),(900184062,1758,3),(900184062,1788,3),(900184062,1789,3),(900184062,1790,3),(900184062,1791,3),(900184062,1795,3),(900184062,1797,3),(900184062,2093,3),(900184062,2094,3),(900191234,5,3),(900191234,8,3),(900191234,10,3),(900191234,221,3),(900191234,360,3),(900191234,362,3),(900191234,439,3),(900191234,460,3),(900191234,461,3),(900191234,462,3),(900191234,464,3),(900191234,465,3),(900191234,466,3),(900191234,467,3),(900191234,468,3),(900191234,471,3),(900191234,475,3),(900191234,476,3),(900191234,477,3),(900191234,478,3),(900191234,507,3),(900191234,899,3),(900191234,900,3),(900191234,901,3),(900191234,907,3),(900191234,1329,3),(900191234,1434,3),(900191234,1435,3),(900191234,1438,3),(900191234,1440,3),(900191234,1441,3),(900191234,1442,3),(900191234,1451,3),(900191234,1458,3),(900191234,1758,3),(900191234,1788,3),(900191234,1789,3),(900191234,1790,3),(900191234,1791,3),(900191234,1795,3),(900191234,1797,3),(900191234,2093,3),(900191234,2094,3),(900191250,10,3),(900191250,221,3),(900191250,360,3),(900191250,362,3),(900191250,439,3),(900191250,460,3),(900191250,461,3),(900191250,462,3),(900191250,464,3),(900191250,465,3),(900191250,466,3),(900191250,467,3),(900191250,468,3),(900191250,475,3),(900191250,476,3),(900191250,477,3),(900191250,482,3),(900191250,483,3),(900191250,507,3),(900191250,899,3),(900191250,900,3),(900191250,901,3),(900191250,1329,3),(900191250,1434,3),(900191250,1435,3),(900191250,1438,3),(900191250,1440,3),(900191250,1441,3),(900191250,1451,3),(900191250,1758,3),(900191250,1788,3),(900191250,1789,3),(900191250,1790,3),(900191250,1791,3),(900191250,1795,3),(900191250,1797,3),(900191250,2093,3),(900191250,2094,3),(900191466,4,3),(900191466,8,3),(900191466,9,3),(900191466,10,3),(900191466,221,3),(900191466,439,3),(900191466,460,3),(900191466,461,3),(900191466,462,3),(900191466,464,3),(900191466,465,3),(900191466,466,3),(900191466,467,3),(900191466,468,3),(900191466,472,3),(900191466,474,3),(900191466,488,3),(900191466,1329,3),(900191466,1434,3),(900191466,1435,3),(900191466,1438,3),(900191466,1440,3),(900191466,1441,3),(900191466,1449,3),(900191466,1758,3),(900191466,1788,3),(900191466,1789,3),(900191466,1790,3),(900191466,1791,3),(900191466,1795,3),(900191466,1797,3),(900191466,2093,3),(900191466,2094,3),(900191612,5,3),(900191612,10,3),(900191612,221,3),(900191612,362,3),(900191612,439,3),(900191612,460,3),(900191612,461,3),(900191612,462,3),(900191612,464,3),(900191612,465,3),(900191612,899,3),(900191612,901,3),(900191612,1329,3),(900191612,1434,3),(900191612,1435,3),(900191612,1758,3),(900191612,1788,3),(900191612,1789,3),(900191612,1790,3),(900191612,1791,3),(900191612,2093,3),(900191612,2094,3),(900191741,5,3),(900191741,8,3),(900191741,9,3),(900191741,10,3),(900191741,221,3),(900191741,360,3),(900191741,439,3),(900191741,460,3),(900191741,461,3),(900191741,462,3),(900191741,899,3),(900191741,901,3),(900191741,902,3),(900191741,1329,3),(900191741,1434,3),(900191741,1435,3),(900191741,1438,3),(900191741,1440,3),(900191741,1451,3),(900191741,1758,3),(900191741,1788,3),(900191741,1789,3),(900191741,1790,3),(900191741,1791,3),(900191741,2093,3),(900191741,2094,3),(900191831,5,3),(900191831,10,3),(900191831,221,3),(900191831,360,3),(900191831,362,3),(900191831,439,3),(900191831,460,3),(900191831,461,3),(900191831,462,3),(900191831,464,3),(900191831,465,3),(900191831,466,3),(900191831,467,3),(900191831,488,3),(900191831,899,3),(900191831,900,3),(900191831,901,3),(900191831,902,3),(900191831,1329,3),(900191831,1434,3),(900191831,1435,3),(900191831,1438,3),(900191831,1440,3),(900191831,1758,3),(900191831,1788,3),(900191831,1789,3),(900191831,1790,3),(900191831,1791,3),(900191831,1795,3),(900191831,1797,3),(900191831,2093,3),(900191831,2094,3),(900191833,10,3),(900191833,221,3),(900191833,439,3),(900191833,460,3),(900191833,461,3),(900191833,462,3),(900191833,464,3),(900191833,465,3),(900191833,466,3),(900191833,467,3),(900191833,1329,3),(900191833,1434,3),(900191833,1435,3),(900191833,1438,3),(900191833,1440,3),(900191833,1441,3),(900191833,1442,3),(900191833,1449,3),(900191833,1450,3),(900191833,1758,3),(900191833,1788,3),(900191833,1789,3),(900191833,1790,3),(900191833,1791,3),(900191833,1795,3),(900191833,1797,3),(900191833,2093,3),(900191833,2094,3),(900192237,8,3),(900192237,10,3),(900192237,221,3),(900192237,439,3),(900192237,460,3),(900192237,461,3),(900192237,462,3),(900192237,464,3),(900192237,465,3),(900192237,466,3),(900192237,467,3),(900192237,468,3),(900192237,474,3),(900192237,475,3),(900192237,476,3),(900192237,482,3),(900192237,483,3),(900192237,1329,3),(900192237,1434,3),(900192237,1435,3),(900192237,1438,3),(900192237,1440,3),(900192237,1441,3),(900192237,1442,3),(900192237,1449,3),(900192237,1458,3),(900192237,1758,3),(900192237,1788,3),(900192237,1789,3),(900192237,1790,3),(900192237,1791,3),(900192237,1795,3),(900192237,1797,3),(900192237,2093,3),(900192237,2094,3),(900192388,8,3),(900192388,10,3),(900192388,221,3),(900192388,360,3),(900192388,362,3),(900192388,439,3),(900192388,460,3),(900192388,461,3),(900192388,462,3),(900192388,464,3),(900192388,465,3),(900192388,466,3),(900192388,467,3),(900192388,468,3),(900192388,475,3),(900192388,476,3),(900192388,477,3),(900192388,478,3),(900192388,899,3),(900192388,900,3),(900192388,901,3),(900192388,1329,3),(900192388,1434,3),(900192388,1435,3),(900192388,1438,3),(900192388,1440,3),(900192388,1441,3),(900192388,1758,3),(900192388,1788,3),(900192388,1789,3),(900192388,1790,3),(900192388,1791,3),(900192388,1795,3),(900192388,1797,3),(900192388,2093,3),(900192388,2094,3),(900192453,9,3),(900192453,10,3),(900192453,221,3),(900192453,360,3),(900192453,362,3),(900192453,439,3),(900192453,460,3),(900192453,461,3),(900192453,462,3),(900192453,464,3),(900192453,465,3),(900192453,466,3),(900192453,467,3),(900192453,468,3),(900192453,475,3),(900192453,476,3),(900192453,477,3),(900192453,488,3),(900192453,899,3),(900192453,901,3),(900192453,1329,3),(900192453,1434,3),(900192453,1435,3),(900192453,1438,3),(900192453,1440,3),(900192453,1441,3),(900192453,1758,3),(900192453,1788,3),(900192453,1789,3),(900192453,1790,3),(900192453,1791,3),(900192453,1795,3),(900192453,1797,3),(900192453,2093,3),(900192453,2094,3),(900192511,221,3),(900192511,360,3),(900192511,362,3),(900192511,439,3),(900192511,460,3),(900192511,461,3),(900192511,462,3),(900192511,464,3),(900192511,465,3),(900192511,899,3),(900192511,1329,3),(900192511,1434,3),(900192511,1435,3),(900192511,1438,3),(900192511,1440,3),(900192511,1758,3),(900192511,1788,3),(900192511,1789,3),(900192511,1790,3),(900192511,1791,3),(900192511,2093,3),(900192511,2094,3),(900193027,5,3),(900193027,8,3),(900193027,10,3),(900193027,221,3),(900193027,439,3),(900193027,460,3),(900193027,461,3),(900193027,462,3),(900193027,464,3),(900193027,465,3),(900193027,466,3),(900193027,467,3),(900193027,468,3),(900193027,474,3),(900193027,1329,3),(900193027,1434,3),(900193027,1435,3),(900193027,1438,3),(900193027,1440,3),(900193027,1441,3),(900193027,1449,3),(900193027,1758,3),(900193027,1788,3),(900193027,1789,3),(900193027,1790,3),(900193027,1791,3),(900193027,1795,3),(900193027,1797,3),(900193027,2093,3),(900193027,2094,3),(900193220,8,3),(900193220,10,3),(900193220,221,3),(900193220,360,3),(900193220,362,3),(900193220,439,3),(900193220,460,3),(900193220,461,3),(900193220,462,3),(900193220,464,3),(900193220,465,3),(900193220,466,3),(900193220,467,3),(900193220,468,3),(900193220,469,3),(900193220,472,3),(900193220,477,3),(900193220,488,3),(900193220,899,3),(900193220,901,3),(900193220,1329,3),(900193220,1434,3),(900193220,1435,3),(900193220,1438,3),(900193220,1440,3),(900193220,1451,3),(900193220,1758,3),(900193220,1788,3),(900193220,1789,3),(900193220,1790,3),(900193220,1791,3),(900193220,1795,3),(900193220,1797,3),(900193220,2093,3),(900193220,2094,3),(900193555,8,3),(900193555,9,3),(900193555,221,3),(900193555,360,3),(900193555,362,3),(900193555,439,3),(900193555,460,3),(900193555,461,3),(900193555,462,3),(900193555,464,3),(900193555,465,3),(900193555,466,3),(900193555,467,3),(900193555,468,3),(900193555,477,3),(900193555,478,3),(900193555,488,3),(900193555,899,3),(900193555,900,3),(900193555,901,3),(900193555,1329,3),(900193555,1434,3),(900193555,1435,3),(900193555,1438,3),(900193555,1440,3),(900193555,1441,3),(900193555,1451,3),(900193555,1758,3),(900193555,1788,3),(900193555,1789,3),(900193555,1790,3),(900193555,1791,3),(900193555,1795,3),(900193555,2093,3),(900193555,2094,3),(900193668,10,3),(900193668,221,3),(900193668,439,3),(900193668,460,3),(900193668,461,3),(900193668,462,3),(900193668,464,3),(900193668,465,3),(900193668,466,3),(900193668,467,3),(900193668,468,3),(900193668,474,3),(900193668,475,3),(900193668,476,3),(900193668,1329,3),(900193668,1434,3),(900193668,1435,3),(900193668,1438,3),(900193668,1440,3),(900193668,1441,3),(900193668,1449,3),(900193668,1758,3),(900193668,1788,3),(900193668,1789,3),(900193668,1790,3),(900193668,1791,3),(900193668,1795,3),(900193668,1797,3),(900193668,2093,3),(900193668,2094,3),(900193761,5,3),(900193761,10,3),(900193761,221,3),(900193761,360,3),(900193761,362,3),(900193761,439,3),(900193761,460,3),(900193761,461,3),(900193761,462,3),(900193761,464,3),(900193761,465,3),(900193761,466,3),(900193761,467,3),(900193761,468,3),(900193761,475,3),(900193761,476,3),(900193761,477,3),(900193761,899,3),(900193761,901,3),(900193761,1329,3),(900193761,1434,3),(900193761,1435,3),(900193761,1438,3),(900193761,1440,3),(900193761,1441,3),(900193761,1442,3),(900193761,1451,3),(900193761,1458,3),(900193761,1758,3),(900193761,1788,3),(900193761,1789,3),(900193761,1790,3),(900193761,1791,3),(900193761,1795,3),(900193761,1797,3),(900193761,2093,3),(900193761,2094,3),(900194119,5,3),(900194119,8,3),(900194119,221,3),(900194119,360,3),(900194119,362,3),(900194119,439,3),(900194119,460,3),(900194119,461,3),(900194119,462,3),(900194119,464,3),(900194119,465,3),(900194119,466,3),(900194119,467,3),(900194119,477,3),(900194119,899,3),(900194119,900,3),(900194119,901,3),(900194119,1329,3),(900194119,1434,3),(900194119,1435,3),(900194119,1438,3),(900194119,1440,3),(900194119,1442,3),(900194119,1758,3),(900194119,1788,3),(900194119,1789,3),(900194119,1790,3),(900194119,1791,3),(900194119,1795,3),(900194119,1797,3),(900194119,2093,3),(900194119,2094,3),(900196010,221,3),(900196010,360,3),(900196010,362,3),(900196010,439,3),(900196010,460,3),(900196010,461,3),(900196010,462,3),(900196010,464,3),(900196010,465,3),(900196010,466,3),(900196010,467,3),(900196010,507,3),(900196010,899,3),(900196010,900,3),(900196010,1329,3),(900196010,1434,3),(900196010,1435,3),(900196010,1438,3),(900196010,1440,3),(900196010,1441,3),(900196010,1442,3),(900196010,1451,3),(900196010,1457,3),(900196010,1458,3),(900196010,1758,3),(900196010,1788,3),(900196010,1789,3),(900196010,1790,3),(900196010,1791,3),(900196010,1795,3),(900196010,1797,3),(900196010,2093,3),(900196010,2094,3),(900196011,10,3),(900196011,221,3),(900196011,360,3),(900196011,362,3),(900196011,439,3),(900196011,460,3),(900196011,461,3),(900196011,462,3),(900196011,464,3),(900196011,465,3),(900196011,466,3),(900196011,467,3),(900196011,477,3),(900196011,899,3),(900196011,900,3),(900196011,901,3),(900196011,1329,3),(900196011,1434,3),(900196011,1435,3),(900196011,1438,3),(900196011,1440,3),(900196011,1451,3),(900196011,1758,3),(900196011,1788,3),(900196011,1789,3),(900196011,1790,3),(900196011,1791,3),(900196011,1795,3),(900196011,1797,3),(900196011,2093,3),(900196011,2094,3),(900196040,5,3),(900196040,9,3),(900196040,10,3),(900196040,221,3),(900196040,439,3),(900196040,460,3),(900196040,461,3),(900196040,462,3),(900196040,464,3),(900196040,465,3),(900196040,466,3),(900196040,467,3),(900196040,468,3),(900196040,474,3),(900196040,1329,3),(900196040,1434,3),(900196040,1435,3),(900196040,1438,3),(900196040,1440,3),(900196040,1449,3),(900196040,1450,3),(900196040,1758,3),(900196040,1788,3),(900196040,1789,3),(900196040,1790,3),(900196040,1791,3),(900196040,1795,3),(900196040,1797,3),(900196040,2093,3),(900196040,2094,3),(900196083,10,3),(900196083,221,3),(900196083,360,3),(900196083,439,3),(900196083,460,3),(900196083,461,3),(900196083,462,3),(900196083,464,3),(900196083,465,3),(900196083,466,3),(900196083,467,3),(900196083,468,3),(900196083,507,3),(900196083,899,3),(900196083,900,3),(900196083,901,3),(900196083,1329,3),(900196083,1434,3),(900196083,1435,3),(900196083,1438,3),(900196083,1440,3),(900196083,1441,3),(900196083,1442,3),(900196083,1451,3),(900196083,1457,3),(900196083,1458,3),(900196083,1758,3),(900196083,1788,3),(900196083,1789,3),(900196083,1790,3),(900196083,1791,3),(900196083,1795,3),(900196083,1797,3),(900196083,2093,3),(900196083,2094,3),(900201230,221,3),(900201230,460,3),(900201230,461,3),(900201230,466,3),(900201230,467,3),(900201230,1329,3),(900201230,1434,3),(900201230,1435,3),(900201230,1438,3),(900201230,1440,3),(900201230,1788,3),(900201230,1789,3),(900201230,1790,3),(900201230,1791,3),(900201230,1795,3),(900201230,1797,3),(900201230,2093,3),(900201230,2094,3),(900201299,8,3),(900201299,10,3),(900201299,221,3),(900201299,360,3),(900201299,362,3),(900201299,460,3),(900201299,461,3),(900201299,462,3),(900201299,466,3),(900201299,467,3),(900201299,899,3),(900201299,900,3),(900201299,1329,3),(900201299,1434,3),(900201299,1435,3),(900201299,1440,3),(900201299,1758,3),(900201299,1788,3),(900201299,1789,3),(900201299,1790,3),(900201299,1791,3),(900201299,1795,3),(900201299,1797,3),(900201299,2093,3),(900201299,2094,3),(900202087,10,3),(900202087,221,3),(900202087,360,3),(900202087,362,3),(900202087,439,3),(900202087,460,3),(900202087,461,3),(900202087,462,3),(900202087,464,3),(900202087,465,3),(900202087,899,3),(900202087,900,3),(900202087,1329,3),(900202087,1434,3),(900202087,1435,3),(900202087,1438,3),(900202087,1440,3),(900202087,1441,3),(900202087,1758,3),(900202087,1788,3),(900202087,1789,3),(900202087,1790,3),(900202087,1791,3),(900202087,1795,3),(900202087,1797,3),(900202087,2093,3),(900202087,2094,3),(900202283,10,3),(900202283,221,3),(900202283,439,3),(900202283,460,3),(900202283,461,3),(900202283,462,3),(900202283,464,3),(900202283,465,3),(900202283,899,3),(900202283,1329,3),(900202283,1434,3),(900202283,1435,3),(900202283,1438,3),(900202283,1440,3),(900202283,1758,3),(900202283,1788,3),(900202283,1789,3),(900202283,1790,3),(900202283,1791,3),(900202283,2093,3),(900202283,2094,3),(900202515,10,3),(900202515,221,3),(900202515,439,3),(900202515,460,3),(900202515,461,3),(900202515,462,3),(900202515,464,3),(900202515,465,3),(900202515,1329,3),(900202515,1434,3),(900202515,1435,3),(900202515,1438,3),(900202515,1440,3),(900202515,1441,3),(900202515,1758,3),(900202515,1788,3),(900202515,1789,3),(900202515,1790,3),(900202515,1791,3),(900202515,1795,3),(900202515,1797,3),(900202515,2093,3),(900202515,2094,3),(900202967,221,3),(900202967,360,3),(900202967,362,3),(900202967,439,3),(900202967,460,3),(900202967,461,3),(900202967,462,3),(900202967,464,3),(900202967,465,3),(900202967,899,3),(900202967,1329,3),(900202967,1434,3),(900202967,1435,3),(900202967,1438,3),(900202967,1440,3),(900202967,1788,3),(900202967,1789,3),(900202967,1790,3),(900202967,1791,3),(900202967,1795,3),(900202967,1797,3),(900202967,2093,3),(900202967,2094,3),(900203006,8,3),(900203006,10,3),(900203006,221,3),(900203006,439,3),(900203006,460,3),(900203006,1329,3),(900203006,1434,3),(900203006,2093,3),(900203006,2094,3),(900203356,221,3),(900203356,360,3),(900203356,439,3),(900203356,460,3),(900203356,461,3),(900203356,462,3),(900203356,464,3),(900203356,465,3),(900203356,899,3),(900203356,900,3),(900203356,1329,3),(900203356,1434,3),(900203356,1435,3),(900203356,1440,3),(900203356,1451,3),(900203356,1788,3),(900203356,1789,3),(900203356,1790,3),(900203356,1791,3),(900203356,2093,3),(900203356,2094,3),(900204018,221,3),(900204018,360,3),(900204018,362,3),(900204018,439,3),(900204018,460,3),(900204018,461,3),(900204018,462,3),(900204018,466,3),(900204018,467,3),(900204018,899,3),(900204018,900,3),(900204018,1329,3),(900204018,1434,3),(900204018,1435,3),(900204018,1440,3),(900204018,1758,3),(900204018,1788,3),(900204018,1789,3),(900204018,1790,3),(900204018,1791,3),(900204018,1795,3),(900204018,1797,3),(900204018,2093,3),(900204018,2094,3),(900204474,8,3),(900204474,10,3),(900204474,221,3),(900204474,439,3),(900204474,460,3),(900204474,461,3),(900204474,462,3),(900204474,464,3),(900204474,465,3),(900204474,466,3),(900204474,467,3),(900204474,1329,3),(900204474,1434,3),(900204474,1435,3),(900204474,1440,3),(900204474,1758,3),(900204474,1788,3),(900204474,1789,3),(900204474,1790,3),(900204474,1791,3),(900204474,2093,3),(900204474,2094,3);
/*!40000 ALTER TABLE `usercourses` ENABLE KEYS */;
UNLOCK TABLES;

--
-- Table structure for table `usermajors`
--

DROP TABLE IF EXISTS `usermajors`;
/*!40101 SET @saved_cs_client     = @@character_set_client */;
/*!40101 SET character_set_client = utf8 */;
CREATE TABLE `usermajors` (
  `userId` int(11) NOT NULL,
  `majorId` int(11) NOT NULL,
  `catalogId` int(11) NOT NULL,
  UNIQUE KEY `studentId_majorId_UNIQUE` (`userId`,`majorId`),
  KEY `student_id_idx` (`userId`),
  KEY `major_id_idx` (`majorId`),
  KEY `fk_user_majors_3_idx` (`catalogId`),
  CONSTRAINT `fk_users_majors_1` FOREIGN KEY (`userId`) REFERENCES `users` (`userId`) ON DELETE CASCADE ON UPDATE CASCADE,
  CONSTRAINT `fk_users_majors_2` FOREIGN KEY (`majorId`) REFERENCES `majors` (`majorId`) ON DELETE CASCADE ON UPDATE CASCADE,
  CONSTRAINT `fk_users_majors_3` FOREIGN KEY (`catalogId`) REFERENCES `catalogs` (`catalogId`) ON DELETE CASCADE ON UPDATE CASCADE
) ENGINE=InnoDB DEFAULT CHARSET=utf8;
/*!40101 SET character_set_client = @saved_cs_client */;

--
-- Dumping data for table `usermajors`
--

LOCK TABLES `usermajors` WRITE;
/*!40000 ALTER TABLE `usermajors` DISABLE KEYS */;
INSERT INTO `usermajors` VALUES (900171807,142,28),(900184008,142,28),(900191466,142,28),(900191833,142,28),(900192237,142,28),(900193668,142,28),(900182339,142,29),(900184062,142,29),(900193027,142,29),(900196040,142,29),(900201230,142,29),(900202515,142,29),(30003678,142,30),(900203006,142,30),(900204474,142,30),(23123123,141,31),(900150232,141,31),(900170269,141,31),(26,141,32),(27,141,32),(28,141,32),(29,141,32),(30,141,32),(31,141,32),(900170747,141,32),(900171054,141,32),(900172284,141,32),(900172603,141,32),(900172822,141,32),(25,141,33),(900171600,141,33),(900181126,141,33),(900183120,141,33),(900183330,141,33),(900191741,141,33),(21,141,34),(24,141,34),(900191234,141,34),(900191250,141,34),(900191612,141,34),(900191831,141,34),(900193220,141,34),(900193555,141,34),(900193761,141,34),(900196010,141,34),(900196011,141,34),(900196083,141,34),(16,141,35),(17,141,35),(18,141,35),(19,141,35),(20,141,35),(22,141,35),(23,141,35),(800040202,141,35),(900182735,141,35),(900192388,141,35),(900192453,141,35),(900192511,141,35),(900194119,141,35),(900202087,141,35),(900202283,141,35),(900202967,141,35),(900203356,141,35),(900204018,141,35),(900201299,141,36);
/*!40000 ALTER TABLE `usermajors` ENABLE KEYS */;
UNLOCK TABLES;

--
-- Table structure for table `userminors`
--

DROP TABLE IF EXISTS `userminors`;
/*!40101 SET @saved_cs_client     = @@character_set_client */;
/*!40101 SET character_set_client = utf8 */;
CREATE TABLE `userminors` (
  `userId` int(11) NOT NULL,
  `minorId` int(11) NOT NULL,
  `catalogId` int(11) DEFAULT NULL,
  UNIQUE KEY `studentId_minorId_UNIQUE` (`userId`,`minorId`),
  KEY `student_id_idx` (`userId`),
  KEY `minor_id_idx` (`minorId`),
  KEY `fk_user_minors_3_idx` (`catalogId`),
  CONSTRAINT `fk_user_minors_1` FOREIGN KEY (`userId`) REFERENCES `users` (`userId`) ON DELETE CASCADE ON UPDATE CASCADE,
  CONSTRAINT `fk_user_minors_2` FOREIGN KEY (`minorId`) REFERENCES `minors` (`minorId`) ON DELETE CASCADE ON UPDATE CASCADE,
  CONSTRAINT `fk_user_minors_3` FOREIGN KEY (`catalogId`) REFERENCES `catalogs` (`catalogId`) ON DELETE CASCADE ON UPDATE CASCADE
) ENGINE=InnoDB DEFAULT CHARSET=utf8;
/*!40101 SET character_set_client = @saved_cs_client */;

--
-- Dumping data for table `userminors`
--

LOCK TABLES `userminors` WRITE;
/*!40000 ALTER TABLE `userminors` DISABLE KEYS */;
/*!40000 ALTER TABLE `userminors` ENABLE KEYS */;
UNLOCK TABLES;

--
-- Table structure for table `users`
--

DROP TABLE IF EXISTS `users`;
/*!40101 SET @saved_cs_client     = @@character_set_client */;
/*!40101 SET character_set_client = utf8 */;
CREATE TABLE `users` (
  `userId` int(11) NOT NULL,
  `firstName` varchar(125) NOT NULL,
  `lastName` varchar(125) NOT NULL,
  `email` varchar(125) NOT NULL,
  `password` varchar(255) NOT NULL,
  `isVerified` tinyint(1) NOT NULL DEFAULT '0',
  `verificationToken` varchar(225) DEFAULT NULL,
  `passwordResetToken` varchar(225) DEFAULT NULL,
  `resetTokenExpire` timestamp NULL DEFAULT NULL,
  `isAdmin` tinyint(1) NOT NULL DEFAULT '0',
  `standingId` int(11) DEFAULT NULL,
  PRIMARY KEY (`userId`),
  UNIQUE KEY `userId_UNIQUE` (`userId`),
  UNIQUE KEY `email_UNIQUE` (`email`),
  UNIQUE KEY `verificationToken_UNIQUE` (`verificationToken`),
  UNIQUE KEY `passwordResetToken_UNIQUE` (`passwordResetToken`),
  KEY `fk_users_standings1_idx` (`standingId`),
  CONSTRAINT `fk_users_standings1` FOREIGN KEY (`standingId`) REFERENCES `standings` (`standingId`)
) ENGINE=InnoDB DEFAULT CHARSET=utf8;
/*!40101 SET character_set_client = @saved_cs_client */;

--
-- Dumping data for table `users`
--

LOCK TABLES `users` WRITE;
/*!40000 ALTER TABLE `users` DISABLE KEYS */;
INSERT INTO `users` VALUES (16,'16','16','16','abcd1234',1,NULL,NULL,NULL,0,1),(17,'17','17','17','abcd1234',1,NULL,NULL,NULL,0,1),(18,'18','18','18','abcd1234',1,NULL,NULL,NULL,0,2),(19,'19','19','19','abcd1234',1,NULL,NULL,NULL,0,2),(20,'20','20','20','abcd1234',1,NULL,NULL,NULL,0,2),(21,'21','21','21','abcd1234',1,NULL,NULL,NULL,0,3),(22,'22','22','22','abcd1234',1,NULL,NULL,NULL,0,3),(23,'23','23','23','abcd1234',1,NULL,NULL,NULL,0,3),(24,'24','24','24','abcd1234',1,NULL,NULL,NULL,0,4),(25,'25','25','25','abcd1234',1,NULL,NULL,NULL,0,5),(26,'26','26','26','abcd1234',1,NULL,NULL,NULL,0,5),(27,'27','27','27','abcd1234',1,NULL,NULL,NULL,0,5),(28,'28','28','28','abcd1234',1,NULL,NULL,NULL,0,5),(29,'29','29','29','abcd1234',1,NULL,NULL,NULL,0,5),(30,'30','30','30','abcd1234',1,NULL,NULL,NULL,0,5),(31,'31','31','31','abcd1234',1,NULL,NULL,NULL,0,5),(11111,'Sherif','Aly','sgamal@aucegypt.edu','$2b$10$annmD7kOmpxSUONis31JW.C.vxJFOGBS.HvA.lQfYShMyGxbq7vNq',1,NULL,NULL,NULL,0,NULL),(23123123,'Ahmed','Abdelghany','ahmedabdel-ghany@aucegypt.edu','$2b$10$uvGfVQPVDRoFFm5SpYNX8el/MS.kp.rv8jHR9AZQdb0TqLfqbt0xq',1,'23de2ae7131cb8177e33bfa83ad5e7053dca1dd0d810131422f37896de9b198905f4d5c93a256dfe',NULL,NULL,0,2),(30002775,'smsm','smsm','smsm@aucegypt.edu','$2b$10$Iw2wImDQGKaBBdvr33KNK.velRsod3KPaXaXDH0XVJhlAde9Aj88u',1,NULL,NULL,NULL,0,NULL),(30003678,'Yasmine','Ismaeil','yasmine.arafa@aucegypt.edu','$2b$10$Kdl7WFFf8SV14lDydCeKQuEvAsXnfNHkGgd1mls6nYV5ZSk3De59W',1,NULL,NULL,NULL,0,5),(800040202,'Noha','Awad','noha77@aucegypt.edu','$2b$10$UYJ8./oh1hF8RepqXaneVec.l1OrIYgtH0uNupOCYyDKHFtCHyLhu',1,NULL,NULL,NULL,0,2),(900150232,'Donia','Abdelaziz','doniaamr@aucegypt.edu','$2b$10$8pW9cCLAy79T9JjQgJVUFOyUMmu5oReV.rk4isW8hN4JDRl2lBu5m',1,NULL,NULL,NULL,0,4),(900152964,'Ashraf','Ibrahim','ashraf.swailem@aucegypt.edu','$2b$10$0itXCVshwXPvYGu/JDYOfujQ1fGFv61FWJAPJzajbupGGzjTe8Ssm',1,NULL,NULL,NULL,0,NULL),(900170269,'Ramy','ElGendi','ramyelgendi@aucegypt.edu','$2b$10$MH16IUg.YhIp51Z0kjpRlO/yoxVCveNuce7DJ3XZ5BMKPFqgpB1L6',1,NULL,NULL,NULL,0,5),(900170747,'ahmed','ahmed','ahmedsquare@aucegypt.edu','$2b$10$z9nCT2C8.QL4pKgRQZhAMO6TTIZaDBcxwak7/Rq19hFdmwMsmtP7q',1,NULL,NULL,NULL,0,5),(900171054,'Hussam','Gawish','hussamgawish@aucegypt.edu','$2b$10$ggAW1XoCz0oatReaBw4FPefRkhAfV/ubXmU0c4kZDpIftagZIfIqG',1,NULL,NULL,NULL,0,5),(900171600,'Ahmad','Shaaban','ahmadk7299@aucegypt.edu','$2b$10$51pKCE7nHTMmMKqqp.z9guVTHFaMQKCW4tPB8WBlmiW8yhy4TzrFG',1,NULL,NULL,NULL,0,4),(900171807,'Steve','Roseik','steveroseik@aucegypt.edu','$2b$10$OgZKT3.FH3S6Koam9drGO.fJSrDwXhiwKep2quEiIpUOAXKItbH6i',1,NULL,NULL,NULL,0,4),(900172284,'Marwah','Sulaiman','marwahisham@aucegypt.edu','$2b$10$hbt3KYTfSl.vdPfFdvqxpOiBNd8b8AfArayhAxi823Lc6ZDf17tgG',1,NULL,NULL,NULL,0,5),(900172603,'Mohammed','Abuelwafa','Mohammedabuelwafa@aucegypt.edu','$2b$10$i5//2hZqlbyGUhuphHWUbejtPnh55YGM9N0a0rHitHyGeawWB4c3S',1,NULL,NULL,NULL,0,5),(900172822,'Mohamed','Mansour','gurinucida@aucegypt.edu','$2b$10$y.xPbVQap5flTEIDmKr93.xeQEIXvKBxeM0oWXKFyGGWUji/7Mhfa',1,NULL,NULL,NULL,0,4),(900181126,'Abdelrahman','Elgammal','abdelrahman2018@aucegypt.edu','$2b$10$nYIQW3nBO2PPzGQvacmPD.aoBbCJt8DpLk5QmIn/2eHfMKgBrOH7O',1,NULL,NULL,NULL,0,4),(900182339,'Mohamed','Basuony','mohamedbasuony@aucegypt.edu','$2b$10$dsQ/3uy.6u3e/fBl1rd4gOmxiIZGMk9Qz7XIHjmX/ZBSwbV53ulES',1,NULL,NULL,NULL,0,4),(900182735,'Mohamed','Nasr','mnassr@aucegypt.edu','$2b$10$bGwpAoTqPMYbSWl67FowCu9.98R.T6OxzJ3W6RFl6EsLaANz1wflq',1,NULL,NULL,NULL,0,3),(900183120,'Sherif','Gabr','sherif.gabr@aucegypt.edu','$2b$10$wPUpIU2plEm50GN8UGqVQOPRvtqXeV7KMY61foH2NbQ5y2tnMXE9K',1,NULL,NULL,NULL,0,4),(900183330,'Salma','Aly','smaly@aucegypt.edu','$2b$10$By/6ReGXL8cjycFLno6nf.Mh6JbCMk5vO4fDOHoCf9wj23isSRdQS',1,NULL,NULL,NULL,0,4),(900184008,'Mohammed','Mohammed','mfathym@aucegypt.edu','$2b$10$mv5v0Ela9VG6WgH3d5MX3OjpBa5fILI9/I/aRx6xO73T4/UkAvl2O',1,NULL,NULL,NULL,0,3),(900184043,'Mostafa','Elsharkawy','mostafasharkawy17@aucegypt.edu','$2b$10$imneCUBbHDbj3HejYo/SEe2N2/b4vPg/lOG3pZXdKqMt85N4h9EKK',1,NULL,NULL,NULL,0,NULL),(900184062,'Jacqueline','Azar','jacquelineazar@aucegypt.edu','$2b$10$JnQKOAGc.kCRKfNUuGyne.YcN.iW9wi9bgwIBhztXLR.WqoWSQL/u',1,NULL,NULL,NULL,0,3),(900191234,'Dalia','Elnagar','daliawk@aucegypt.edu','$2b$10$PCA8qon4rI21f3D7IX7u/OxkRwxumFoTJm440BHZXeJQpYbkOqw9K',1,NULL,NULL,NULL,0,4),(900191250,'Kirolos','Mikhail','kirolosmorcos237@aucegypt.edu','$2b$10$PA3eNl4TMZ0zN/B40czyEuAYyUOmIrBKnWjQDZsp5Q03tP4JlwbEq',1,NULL,NULL,NULL,0,3),(900191466,'Adham','ZAKY','Zaky@aucegypt.edu','$2b$10$l/vkTqN7AQ4RX3ZcUnJ0y.imoFhB40ku.AEE/sGbfAlBqBVeTgd5a',1,NULL,NULL,NULL,0,3),(900191612,'Omar','Abdelaal','omarwael14@aucegypt.edu','$2b$10$7oy3pz9Y8NxDZGHYduuqj.RiJgAUCrSRZj2SwIME5ExSKLWENh9AW',1,NULL,NULL,NULL,0,3),(900191741,'Karim','Kamel','karim_ha@aucegypt.edu','$2b$10$Iupkgf9I4DslYl9IDy15SuPix.Z2UH7lOrPEac4dy7JzlFdieQh/W',1,NULL,NULL,NULL,0,3),(900191831,'Omar','Fayed','ofayed@aucegypt.edu','$2b$10$wZO7Md.FV/gAoLMODyNDmOz6U/bxP/g99U1Qw/lvlv5ToYUKlmTqG',1,NULL,NULL,NULL,0,3),(900191833,'Mona','Kamel','mona_ahmad@aucegypt.edu','$2b$10$Zs6vvlY3AUmmapkFi/Zrm.TJrfGbgDrCkxHdx3ti918y2kvX10CSe',1,NULL,NULL,NULL,0,3),(900192237,'Youssef','agiza','youssefagiza@aucegypt.edu','$2b$10$UE2VqtFN/v.dZ.T8jM4Z7.AZr0XvLPbPFiFGBTDdC3LS.AoCuOLla',1,NULL,NULL,NULL,0,3),(900192388,'Rawan','Hamad','samehsrrj@aucegypt.edu','$2b$10$L1QZAH1Fk/cGe4BEZTTyg.v41zzM3zk/djY2c8OdcMzZKcRw7xXZe',1,NULL,NULL,NULL,0,3),(900192453,'Abdullah','Kassem','abdullahkassem@aucegypt.edu','$2b$10$ppg9C6D/TtsRG1FykHjLJuCSn6ddA9dl3jWMYVWCnHZ8AAGHo.1Gy',1,NULL,NULL,NULL,0,3),(900192501,'Ahmed','Fetyan','midomigo1@aucegypt.edu','$2b$10$/0HOvx3v6nbpL/eT4LOQNOEkuWoWgbLuixmKNe7vGcCyc8kxSJuZe',1,NULL,NULL,NULL,0,NULL),(900192511,'Adham','ElZorkani','adham.zorkani@aucegypt.edu','$2b$10$b8sjTkBX7VkN5XZN12Ycx.IN4tJyFEKgCC2S9HDrq8POJq9Q2IMKW',1,NULL,NULL,NULL,0,2),(900193027,'Zeyad','Usama','zeyad_usama@aucegypt.edu','$2b$10$Ay/Ff7b1zwABH4IyU2K1mepHAKy3PVsfzZX5o2s45GPiAvLoc00Oi',1,NULL,NULL,NULL,0,3),(900193220,'Mariam','Elsaqa','melsaqa@aucegypt.edu','$2b$10$cUijQBRABmfToGR6XfUOCOZVlBscQ1VuSRDjAHKY/dgqLSjKgmGHe',1,NULL,NULL,NULL,0,3),(900193555,'Nada','Atia','nadaaymanatia@aucegypt.edu','$2b$10$2rnyIKr5dfnBPejmI3V2feUfWzn.nciRiE6QvKsx0OoA9nxp.Y0UO',1,NULL,NULL,NULL,0,3),(900193668,'Seif','Sallam','seif_sallam@aucegypt.edu','$2b$10$ByC/rw6W7PsUghOamCMBWuRtgPNSQFAYsjVrzSD1AsHUrnGWWJ3M6',1,NULL,NULL,NULL,0,3),(900193761,'John','ElGallab','john.elgallab@aucegypt.edu','$2b$10$HSgCY9hmNjihDevRGsjaKutWNcHQEcvU2EN.8PA96pdhLVNlZ6hdi',1,NULL,NULL,NULL,0,3),(900194119,'Abdelwahab','Ganna','abdelwahabganna@aucegypt.edu','$2b$10$JGOT4I9Ns8EFJ5.P6MA7reUgOgcOULDZ1POJSjH.BMF9PEqj0aaXa',1,NULL,NULL,NULL,0,3),(900196010,'Amer','Elsheikh','amer.elsheikh@aucegypt.edu','$2b$10$aonrP.zsSwKgFBHkZOjdMOkWHgHSspLH7ZlbVoNQreaG3rWejQ3xC',1,NULL,NULL,NULL,0,3),(900196011,'Amr','Sallam','amrmohsallam@aucegypt.edu','$2b$10$HqJnqhFByRe1s6X0pWARhOSceFqVweTtrkjW1qyB.Ae77cKZ9kJJu',1,NULL,NULL,NULL,0,2),(900196040,'Mina','Mikhael','minawmikhael@aucegypt.edu','$2b$10$NXXouGq.3kpybpBIBAtOhOt7kuAZm.9nsq4qZCbn9.fAEBySeFipW',1,NULL,NULL,NULL,0,2),(900196083,'Abdallah','Abdelaziz','abdallah_taha@aucegypt.edu','$2b$10$.ta2UV0fQ1qUcUOOWPCAAueMevHGk8jE5Ev4NGv8FGv5Qod5ocD/m',1,NULL,NULL,NULL,0,3),(900201230,'Jana','Shalaby','janashalabyy@aucegypt.edu','$2b$10$7OQxzSafC.7eKi9IJnfNS.WmTvTYWKd08NF0tPmb/w9RQmBH3quPa',1,NULL,NULL,NULL,0,2),(900201299,'Rana','Saleh','ranahafez@aucegypt.edu','$2b$10$1mQzCOXOjMh5dEPoOVj85eFZ27DNjQRqjfhjpahrC9vOEIYbz0g.G',1,NULL,NULL,NULL,0,2),(900202087,'Omar','Miniesy','Omarminiesy@aucegypt.edu','$2b$10$crswUIieLNm/Q1FqzpB0mONZ3hbmJ38c0pxX2JDTyRAUNhYGznLwu',1,NULL,NULL,NULL,0,2),(900202283,'Ziad','Miniesy','zminiesy@aucegypt.edu','$2b$10$k0RAR42JOyfuteaw9dtb2u2UyI9BJmd9IpJ8Rhnfq/M1v9StFRvTm',1,NULL,NULL,NULL,0,2),(900202515,'Omar','Salem','omarhatem2002@aucegypt.edu','$2b$10$x7S4kieXZEnKJeEot0qfDunUafNrim2CopnGnW/78DDABTrC0ZIBy',1,NULL,NULL,NULL,0,3),(900202967,'Muhammad','ElMahdi','muhammadahmedelmahdy@aucegypt.edu','$2b$10$jG/DUgqtZv59DkvxtD4JbucVTRXOEVeVi7iH6v3KRoUmoD0fJc7iW',1,NULL,NULL,NULL,0,2),(900203006,'Bassel','Guindi','Basselguindi@aucegypt.edu','$2b$10$TIT2OE6ppO9u.9kRWNmHTuhI.gKau9d9YLB0rgKtc1Be4sB5LKwbq',1,NULL,NULL,NULL,0,2),(900203356,'Mostafa','Abdelkhalik','mostafaabdelkhalik@aucegypt.edu','$2b$10$SxutU13j85ehjx0cLjM2X.iPmT862heyxL4BhvZ.EOJEXJmsGfcHS',1,NULL,NULL,NULL,0,2),(900204018,'Abdallah','Saba','abdallah184@aucegypt.edu','$2b$10$uNCJD.ZP.2fFSJxhfcq7Qe1FIv7rIUQRSThEEECBo1aczZOt7F8J6',1,NULL,NULL,NULL,0,2),(900204474,'Mohamad','Zarif','mohamadalzarif@aucegypt.edu','$2b$10$su.4ypNZENNFV4domg5wU.M/Zgx5JWJg.55mQo6O3akZq7JgTe1JO',1,NULL,NULL,NULL,0,2);
/*!40000 ALTER TABLE `users` ENABLE KEYS */;
UNLOCK TABLES;
/*!40103 SET TIME_ZONE=@OLD_TIME_ZONE */;

/*!40101 SET SQL_MODE=@OLD_SQL_MODE */;
/*!40014 SET FOREIGN_KEY_CHECKS=@OLD_FOREIGN_KEY_CHECKS */;
/*!40014 SET UNIQUE_CHECKS=@OLD_UNIQUE_CHECKS */;
/*!40101 SET CHARACTER_SET_CLIENT=@OLD_CHARACTER_SET_CLIENT */;
/*!40101 SET CHARACTER_SET_RESULTS=@OLD_CHARACTER_SET_RESULTS */;
/*!40101 SET COLLATION_CONNECTION=@OLD_COLLATION_CONNECTION */;
/*!40111 SET SQL_NOTES=@OLD_SQL_NOTES */;

-- Dump completed on 2021-11-24 12:53:41
